id_firmy_kupujacej,nazwa,nip,regon,id_branzy
1,Collins Group,9806165625,755475310,7
2,"Renner, Jakubowski and Erdman",5130429133,998580919,172
3,Gorczany-Kilback,1534274990,819000573,27
4,"Hoppe, Bins and Tillman",4295630089,521023685,58
5,"Hauck, Bradtke and Halvorson",8433536133,613834060,102
6,Berge-D'Amore,4995044948,429804335,114
7,Murray-Kilback,1566401287,624118342,56
8,Lueilwitz-Donnelly,1370646829,315412189,79
9,Kautzer-Dietrich,6134655098,275791683,150
10,"Schoen, Ferry and Rohan",5246039737,970400220,18
11,Gulgowski LLC,4755356447,965490968,199
12,Kilback-Bosco,4719894718,812447853,91
13,"Feeney, Volkman and Anderson",3055127045,583924709,119
14,"Moore, Leannon and Hirthe",6948591281,442511962,58
15,Bayer-Rogahn,2836877364,434566115,167
16,Bruen-Rau,8643407359,282613945,55
17,"Spinka, Dicki and Mraz",3357834014,614495526,94
18,Ferry-Brown,9047906769,848863003,189
19,Weimann-Dietrich,3155344435,202119809,108
20,Erdman-Boehm,3856625716,832836416,71
21,Torphy Group,4417142403,538924432,9
22,"Shields, Weber and Kuhic",1951940580,144731882,60
23,Schmidt-VonRueden,3975613824,166327884,27
24,"Hilll, Wunsch and Schuster",1412182386,386506663,109
25,"Lakin, Lowe and Hackett",4101582003,374515367,126
26,"McLaughlin, Erdman and McCullough",7778578977,467143194,188
27,Nitzsche-Stokes,1519986585,642721371,148
28,Jaskolski-Flatley,9198957410,704923368,186
29,Boyer LLC,6158631647,886815860,70
30,Skiles Group,5074006012,653940275,87
31,Pouros-Herman,8120899517,200419178,87
32,"Moore, Towne and Kuvalis",8783946009,688138407,148
33,Murphy and Sons,4260831409,617622194,110
34,Will-Walker,3463440208,650902967,60
35,Pouros Group,8669297225,261860084,180
36,"Balistreri, O'Conner and Stiedemann",5815568005,120125594,140
37,Johns-Schinner,2569859038,533945630,198
38,Tillman-Kunde,2570898573,363302535,180
39,Mraz Inc,5274227447,681471113,167
40,Runolfsson and Sons,9320016902,271604799,141
41,Labadie Group,5575710417,445630133,86
42,Swaniawski-Rowe,6594025374,155269631,197
43,Leuschke and Sons,1741248930,758196745,104
44,Wiza and Sons,4313129249,608901992,31
45,"Bailey, Cartwright and West",6977262725,424722804,16
46,Legros LLC,7084128420,695556721,101
47,"Pollich, Legros and Stokes",2910443041,493223982,99
48,"Carter, Adams and Auer",4003588953,754294756,33
49,Hermann LLC,4654107591,117478490,89
50,"Stark, Gleason and Barton",2844366681,592297284,49
51,Swift-Zemlak,1783810321,517843624,154
52,Christiansen-King,2976579580,573833376,76
53,"Schroeder, Sanford and Kassulke",7293073200,580070487,153
54,Bartell Inc,4134970868,426310061,11
55,"Toy, Stanton and MacGyver",3707424015,648496104,142
56,Kemmer LLC,1477336254,843054537,102
57,"Wisozk, Ziemann and Grady",8284938252,678946645,83
58,Armstrong Group,8790547290,720757389,2
59,Kuhic and Sons,5565369313,850971119,161
60,Rippin Group,7070689712,997327325,186
61,Greenfelder Group,8666843561,267094712,54
62,Beatty-Schinner,5333120226,283276151,124
63,Nolan-Goldner,9932789985,335460406,194
64,Raynor-Prohaska,5933404493,252816651,69
65,Luettgen-Kuphal,8670244403,699661807,173
66,Effertz-Rath,7805145319,157685864,42
67,"Hudson, Kunde and Tromp",8762073822,197349335,32
68,"Stanton, Hirthe and Bernier",4233689342,939513356,6
69,"Nitzsche, Goodwin and Lueilwitz",6148940189,585246857,6
70,"Morar, Quigley and Wiegand",1851230413,861049259,184
71,Larson Group,3132389509,424338950,63
72,"Volkman, Huels and Kilback",1999042591,278746562,34
73,"Hilpert, Kulas and Conn",6148859419,432094284,44
74,"Cremin, Abshire and Tillman",5816686974,936853816,152
75,"Bechtelar, Moore and Farrell",8830176628,219823193,102
76,Johnson-Cummerata,6886127077,462438574,28
77,Streich and Sons,1653923888,414821584,95
78,Legros LLC,1275724319,345165561,175
79,"Rohan, Klein and Jacobson",8970853637,602714541,99
80,"Champlin, Goyette and Zemlak",4281217693,808793657,73
81,Lang Group,9871574682,486515760,91
82,Robel Inc,8114905871,722174267,88
83,"Crooks, Grant and Kilback",9828700380,391824173,35
84,Okuneva and Sons,3608012700,387566759,17
85,"Konopelski, Sawayn and Kub",6145793019,749473927,171
86,Jenkins Inc,5052306182,608918215,123
87,O'Kon-Quitzon,9634687951,143548735,27
88,"Zemlak, Blick and McKenzie",8805371076,179439307,90
89,"Parisian, Becker and Walker",5129333506,669422297,52
90,Reilly-Luettgen,6915160439,719934373,24
91,Herman LLC,3999640994,221444516,48
92,Bechtelar and Sons,8460662561,645174907,27
93,Tromp LLC,9259649382,889912900,15
94,Feest-Bernhard,6784613286,561326801,66
95,Nicolas Inc,3848741025,741018801,107
96,"Johnston, Hansen and Considine",9651278048,442230160,56
97,"Davis, Ruecker and Larkin",3532337231,973266677,94
98,"Thompson, Aufderhar and Dicki",5247259272,245213666,91
99,Harber LLC,3943061405,790194733,64
100,"Dare, Ullrich and Shields",6612048741,968286486,101
101,"Keeling, Murray and Reilly",5165053532,224514384,30
102,"Crona, Schowalter and Lynch",6444910156,495862975,184
103,King-Ziemann,2994609201,236122037,23
104,"Reichert, Schinner and Tromp",9963704961,833945432,101
105,Howell LLC,6863053238,658234423,103
106,Dach-Medhurst,9892684248,895298499,94
107,Hintz Group,4048545573,496723806,53
108,Jones LLC,4161684730,718968182,71
109,"Predovic, Upton and Beer",1800825477,997192772,162
110,Abernathy-Upton,1751804073,159803954,145
111,Ondricka-Raynor,2179503922,959851429,178
112,"Stoltenberg, Quigley and Stokes",4436652382,424285593,20
113,Grant-Stamm,9054369219,525662581,114
114,"Lowe, Botsford and Sipes",1573868276,873221930,59
115,"Roob, Gleichner and Koepp",2436332218,220481260,160
116,Raynor and Sons,7192884733,564816757,40
117,"Beatty, Conroy and Hand",1972603643,586382830,73
118,Balistreri-Fisher,5427345647,891137138,114
119,Mohr-Barton,8933733273,447506333,67
120,"Kuphal, Ledner and Heaney",9500303985,376488804,109
121,Mann Inc,6480986918,974528168,118
122,Johnson LLC,7634909213,452598955,108
123,"Glover, Reinger and Cruickshank",1410031181,800867904,77
124,Stark-Witting,9667234306,773091392,57
125,Schimmel-Dare,6812273344,800180859,69
126,Beahan Group,1144132872,683099059,192
127,Mitchell and Sons,9828704632,634862473,60
128,Stokes Group,4683945298,343766952,125
129,Huel and Sons,3449086614,501379610,191
130,"Koch, Legros and Lang",5390961414,170482542,111
131,Hayes-Shanahan,6848927827,233540726,151
132,Tromp-Will,2461674740,623248281,164
133,"Gutmann, Douglas and Abshire",9035552258,416735248,50
134,"Buckridge, Nikolaus and Steuber",5065308624,862275183,142
135,"Hauck, Tremblay and Miller",9981736723,846385568,37
136,Schneider-Braun,4562636796,465525828,171
137,Marquardt-Boyer,4069779488,671127706,94
138,Donnelly-Hoeger,3743337778,870595535,13
139,McLaughlin-Hettinger,8672110243,912476972,74
140,McDermott Group,7125393573,341415705,57
141,Luettgen and Sons,3598733768,240249848,79
142,"Hodkiewicz, Nicolas and Mueller",5624859225,201769548,44
143,"Schmidt, Schiller and Balistreri",7907427119,927340238,72
144,Wunsch LLC,5755327093,982905190,43
145,"Cremin, Lueilwitz and Nikolaus",6818744542,564303844,115
146,"Emmerich, Shields and Waelchi",6108522827,650067277,175
147,Hamill LLC,6382506088,750235382,74
148,Herzog and Sons,5661563414,396498044,58
149,Shields Inc,9927897362,613002097,70
150,Bartell Inc,6039017622,115565633,135
151,Denesik and Sons,5822737432,331591261,2
152,Farrell Group,4403499902,473584419,59
153,"Skiles, Baumbach and Hessel",9413922945,134760259,178
154,"Baumbach, Franecki and Wolff",1888863898,512713454,134
155,Quigley and Sons,3071827181,379314544,82
156,Bergstrom Group,7517907533,520643586,126
157,Herman-Jacobson,7140417154,571960540,112
158,Kiehn LLC,4706051229,524181918,97
159,Renner-Auer,4361707995,888607840,184
160,"Cassin, Kuhn and Johns",1405691059,226123239,63
161,Fritsch-Balistreri,4482265830,885007994,42
162,Kunde and Sons,4131987698,173045804,177
163,"Hoeger, Ruecker and Abbott",3942417542,320264095,2
164,Dickinson-Williamson,7201584797,763219199,16
165,"Rolfson, Rutherford and O'Hara",3835825377,689498483,90
166,Olson-Block,1243562585,571096855,106
167,Feest LLC,8492747725,987206519,1
168,"Gottlieb, Steuber and Grimes",2799099170,904744604,126
169,"Swift, Bechtelar and Bernhard",8947049909,600615112,114
170,Rippin-Purdy,2491028062,935060282,26
171,Stracke LLC,6175229115,698521219,38
172,"Fritsch, Prohaska and Schultz",9147472372,202675714,20
173,"Gleason, Swaniawski and O'Reilly",3731733471,132526322,111
174,Becker-Weimann,1228609378,362345277,158
175,"Rodriguez, Pfannerstill and Shields",4006303352,969833561,169
176,Mann-Cummings,7708529285,707532214,161
177,Kertzmann Inc,1660220069,492613919,50
178,Douglas Inc,5193127415,149531932,57
179,"Bailey, Dibbert and Kuhn",4753537855,702309749,38
180,"Hahn, Wisozk and Langosh",9602890284,325480041,139
181,Ullrich Inc,4480908614,695500817,76
182,Heaney-Quigley,5367075908,333530708,166
183,Ritchie-Doyle,1635481579,535244649,190
184,Mills Group,2883950660,358393143,185
185,Collier-Hodkiewicz,2428929574,152226304,158
186,"Pagac, Schaden and Okuneva",9671650779,529325641,56
187,McKenzie LLC,1838107392,736439171,164
188,Kuhn Inc,6307156484,401916897,180
189,Moen-Dickinson,7403883522,397959790,5
190,"Nolan, Mohr and Cassin",4125677676,756981628,143
191,Gutkowski Inc,3740995910,547261137,65
192,Pouros-Stokes,3485805505,120919043,68
193,Halvorson Group,1746926321,371309448,189
194,Adams-Davis,6137176857,318991319,184
195,Hyatt LLC,4315408171,366717557,157
196,"Murray, Moen and Schowalter",4120671509,468319275,137
197,Kuhlman Group,4186441209,464194927,45
198,Kshlerin-Jakubowski,7828475840,130160602,54
199,Mosciski-Mosciski,1915911574,638448506,81
200,"Brekke, Miller and O'Kon",1604332887,546614197,51
201,Leffler and Sons,5000355380,771262613,69
202,McLaughlin-Turner,7724819100,246415060,36
203,Treutel Inc,9459360637,710531052,147
204,Legros-Goldner,4337359975,623836608,143
205,McDermott-Hauck,3648186101,565889491,33
206,O'Connell Group,6501537185,670527209,182
207,Gutkowski-Beatty,5527886691,218642945,85
208,"Emmerich, Ankunding and Homenick",2355366367,359054088,12
209,Rempel-Kautzer,1972790196,621984518,125
210,"Rolfson, Swift and Erdman",1320611256,403021651,48
211,"Hirthe, Huel and Kshlerin",3733732151,513326643,82
212,Schulist-Stanton,9529384031,592384925,158
213,Roberts LLC,8650061201,322149923,115
214,Rice-Ondricka,8156082363,948343130,95
215,Kuhn and Sons,5481874937,427497674,144
216,D'Amore-McKenzie,5648496842,417188041,195
217,Hintz Inc,6406529535,447589991,45
218,O'Conner Inc,9388141762,883360893,94
219,Wiza-Goyette,5714552004,822792520,168
220,"Mante, Walter and Cummings",6347187164,888954519,195
221,"Lesch, Rodriguez and Reichert",8050729792,228317170,4
222,Dicki-D'Amore,7799818621,621272018,27
223,Miller-Brakus,2369202702,848700727,65
224,"Hills, Vandervort and Reichel",2009807774,682741038,35
225,Klein Inc,2198851854,908371773,121
226,Morissette-Lockman,7111457440,747150606,46
227,"Pagac, Lubowitz and Watsica",7684188123,556811316,74
228,"Connelly, Weissnat and Marks",7373581826,461509298,158
229,Kulas-Kautzer,3442717151,322423284,87
230,"Wisozk, Ankunding and Williamson",3268393313,635070005,5
231,"Batz, O'Reilly and Nicolas",8763544944,391239264,49
232,Sporer-Mitchell,3434061679,582296565,18
233,Kutch Inc,5078238418,754187775,34
234,Hahn Group,5393608966,182748805,107
235,Lubowitz-Greenfelder,7507136703,778662799,130
236,Torphy Group,2210909428,172633498,115
237,"Bergstrom, Ullrich and Lebsack",5256362195,751012846,13
238,Hills and Sons,8598152582,205187451,151
239,Schumm LLC,2173988177,999640172,84
240,Krajcik and Sons,9924636029,178089460,168
241,Kilback-Denesik,6274097568,671304321,54
242,"Feeney, Batz and Carroll",3937353926,695370116,200
243,Erdman-Roberts,7921698221,944148474,194
244,"Stoltenberg, Kunde and Legros",1416540993,133593573,187
245,Cruickshank-Lind,1210749432,262494776,35
246,Schmidt and Sons,6277216356,568556239,137
247,"Schuppe, Pollich and O'Conner",3072914213,217324860,86
248,Legros-Pollich,1190982731,613116077,26
249,"Watsica, Wilderman and Koepp",8586226047,281959877,15
250,Hintz LLC,5804272190,748727861,154
251,Turner Group,1137535556,392678154,9
252,Hoppe Group,3698591782,570200620,27
253,Barton-Hamill,5661716711,739187872,22
254,"Harvey, Dickens and Cremin",7138432905,664999830,16
255,"Schneider, Runolfsdottir and Morar",3348219457,810624958,179
256,"Mertz, Glover and Heidenreich",6815770309,345027280,127
257,Hegmann LLC,4918462785,861431766,185
258,Reichel LLC,7629640751,866353132,67
259,Ryan-Thompson,9627689081,838347465,16
260,Dicki-McKenzie,1271474293,458746294,105
261,Koss-Wyman,8267967865,714281777,50
262,Quigley-Treutel,9954203957,757284780,67
263,"Schulist, Ferry and Nicolas",8250543721,809194348,59
264,Gaylord Inc,3701573375,616236202,166
265,Kassulke-Crooks,3958237433,712606931,6
266,Cole-Hayes,3376559785,149346056,33
267,Jacobson LLC,4768625317,902532512,186
268,"Rice, Wilkinson and Grady",5532102991,770698261,119
269,Parisian-Kessler,3205189664,986610278,98
270,"Pfannerstill, Homenick and Bayer",5150706444,420887452,173
271,Brakus LLC,2664181064,142807982,16
272,Reinger and Sons,6890807818,709777216,94
273,"Goyette, Gorczany and Metz",3818382787,600414141,154
274,Heller-Hand,5468317915,783183933,24
275,Mayert Inc,5154535769,127192971,2
276,Schumm-Monahan,6977289049,632714103,13
277,Stehr-Prohaska,2526705490,144783569,82
278,Rippin-Watsica,1157187018,766204047,34
279,Mann LLC,3248091189,781062967,147
280,Robel-O'Conner,7079352677,601287166,30
281,Schulist-Lesch,4503031514,265320119,89
282,Waters Inc,6393641150,891929123,189
283,Dooley-Lemke,5804326143,630882119,34
284,Schaefer Group,7344269378,867709067,154
285,"Koch, Trantow and Nolan",4481404072,671285843,84
286,Pfeffer Group,8963798660,599877597,68
287,"Berge, Upton and Crona",3985579168,752068548,17
288,Bashirian-Kerluke,9903199101,589170169,144
289,"Daniel, Bednar and Stark",9982430531,320387468,113
290,O'Reilly Group,6261473998,510870295,142
291,Kuhic-Swift,4133679918,640415637,111
292,Sanford and Sons,9332543384,527042668,145
293,Anderson-McDermott,5730623912,600427102,61
294,Hoeger-Waters,3275145254,848752570,98
295,"Windler, Pacocha and Lindgren",1530889818,789287883,184
296,"O'Reilly, O'Reilly and Reilly",7951287306,767896157,53
297,"Okuneva, Romaguera and Erdman",8008879295,389402949,13
298,Funk LLC,7112400358,685749865,49
299,Kovacek-Brakus,7732459594,401033254,75
300,"Sipes, Bode and Ritchie",6367020841,502070355,25
301,O'Kon-Grant,3549226268,253407825,189
302,Rath Inc,5946162840,642782028,72
303,"Franecki, MacGyver and Borer",7179151104,496654954,2
304,Murphy-Ryan,8496161751,690023205,157
305,"Quitzon, Koch and Spinka",3121869201,256965636,37
306,Brekke Group,4516127011,562401842,187
307,Gleason and Sons,8993503690,261235022,176
308,McKenzie Group,2297643987,244251755,191
309,Abernathy Inc,3450225606,553215077,4
310,Cassin-Fadel,5041695132,187349774,14
311,Feil and Sons,3897390113,319067716,178
312,Okuneva LLC,2052776715,709511262,115
313,Kuvalis-Howell,2907288712,212952171,1
314,Zemlak-Walter,6490865094,112369816,162
315,Kutch-Hilpert,8959162163,625583878,6
316,Swaniawski Inc,7312866882,391890185,66
317,Schimmel-Paucek,8342555920,952790555,36
318,"Mayer, Stoltenberg and Roob",6610841451,530685122,40
319,Hegmann and Sons,1731906023,174716776,168
320,Koepp LLC,9234137538,220628827,198
321,"Baumbach, Stokes and Huel",7726335613,327234626,75
322,Kunde LLC,6673237414,291567054,182
323,"Gutkowski, Shields and Breitenberg",8213906388,656502042,138
324,Greenholt-Toy,5318304010,681573525,51
325,Rath-Bailey,5930824530,217568488,145
326,Rodriguez-Stamm,4770817705,930599803,107
327,Emard-Hagenes,5232427290,288048771,152
328,MacGyver and Sons,3687571199,524487688,194
329,"Gaylord, Davis and Klein",5968791042,746986511,150
330,Bailey-Jacobs,8958249150,143366396,168
331,Rohan Inc,5087115188,302804363,153
332,Kohler LLC,6013471753,472929057,173
333,Schroeder and Sons,2070144161,317065733,9
334,Stiedemann-Ritchie,8087317984,261135099,31
335,Bailey-Douglas,3333103976,432252735,58
336,Wiegand-Blick,5205723511,940526980,171
337,"Tillman, Swaniawski and Tremblay",4459132961,584670577,49
338,Mills Inc,9157450638,888861607,9
339,"Balistreri, Pouros and Ziemann",5729203685,750062341,144
340,"Schaden, Hermiston and Kshlerin",1836451630,739528882,119
341,Cruickshank LLC,7685100117,428208792,154
342,Mraz-Conroy,8229443942,132916734,171
343,Baumbach-Terry,9057122551,621463748,125
344,Greenholt-Mitchell,1398857620,567413144,38
345,Simonis Group,4936176910,844811455,32
346,Abshire LLC,5644698998,983902136,194
347,Grimes-Kuhic,2739171250,327893995,19
348,McGlynn LLC,3054187484,745985483,147
349,Harber-Schiller,6509635261,717249487,151
350,"Hirthe, Kuhn and Bosco",7582908067,743396161,112
351,"Kling, Bergstrom and Dicki",7555627288,526149603,154
352,Christiansen-Maggio,2404900029,711742779,160
353,Bayer-Smitham,9524320502,460407020,192
354,Harvey and Sons,9565934113,616871656,123
355,Rodriguez-Wolff,6559650721,515273062,107
356,Waelchi-Sporer,8938000260,954886596,197
357,Hammes-Lemke,4693491514,729225692,116
358,"Denesik, Schroeder and Rowe",1667513199,936123843,31
359,"Watsica, Brakus and Haag",7661002105,970955935,80
360,"Monahan, Altenwerth and Abshire",7152256963,620100146,70
361,"Jakubowski, Halvorson and Rosenbaum",8799189399,266793771,30
362,Block-Konopelski,9769620494,185308867,111
363,Erdman-Gerhold,6472376382,164337491,94
364,"Stokes, Bruen and Hoppe",7251532145,360501917,189
365,Mraz-Grant,2749385110,854201231,26
366,Krajcik-Rau,3682042405,343267460,78
367,Boehm and Sons,8596966883,373644497,54
368,"Jacobi, Hartmann and Hauck",7225212008,318953186,196
369,Wilkinson LLC,1734736074,334445476,143
370,Block LLC,6054904955,946576579,112
371,Hayes LLC,6525311799,989040646,178
372,"Zulauf, Romaguera and Nader",7418725897,780967964,74
373,Gaylord-Ankunding,4401174385,274918336,53
374,Stark-Boyle,5926303900,130276255,155
375,Breitenberg-Bergstrom,5607659378,978052589,89
376,Volkman Group,6597578759,704468524,174
377,VonRueden-Cassin,7684012341,459043239,56
378,Parker Group,3647554951,147053945,136
379,"Halvorson, Mosciski and Spencer",5389999716,589170411,164
380,"Runolfsson, Heidenreich and Block",3533435715,263468597,153
381,Renner-Block,6371187994,846831078,16
382,Stroman-Fahey,7262587043,117316365,141
383,"Morar, Pacocha and Berge",8223534341,628914952,46
384,"Rosenbaum, Swaniawski and Frami",8182855505,379678748,199
385,"Padberg, Dibbert and Torp",4229338155,563415198,29
386,Hilpert-Sauer,6019383182,923724986,151
387,Gerhold-Bogisich,8117750467,784370059,34
388,Witting-Torphy,2816002724,477438240,144
389,Hahn-Haley,7175695716,683933008,143
390,Marks and Sons,2826101600,584041051,34
391,Zulauf and Sons,2735956610,340387943,99
392,"Murphy, Dach and Labadie",9984231992,554265864,147
393,Schulist Group,3068324005,433707906,177
394,"Dach, Moore and Friesen",6824329322,877492848,111
395,Bauch-Bashirian,5842275774,971973358,162
396,"Will, Beier and Becker",8621625399,842233704,175
397,"Bernhard, Sipes and Schoen",1619590018,510928571,11
398,Veum-Rohan,5992885899,119872095,6
399,Roob-Hyatt,4532140786,169566278,184
400,"Farrell, Hermiston and Heaney",5884529450,995607947,17
401,"Wuckert, Stroman and Lueilwitz",8806573869,381544830,46
402,Kihn-Douglas,9548207153,406558677,151
403,"Wolff, Hermann and Schneider",4246725708,422734035,188
404,Pacocha and Sons,1377491489,467451699,52
405,Kshlerin-Ernser,3735455162,526870923,29
406,Cormier LLC,9731738798,607246907,149
407,Kiehn-D'Amore,9160439559,161397778,123
408,Douglas LLC,5725420095,315473461,20
409,Cruickshank and Sons,5098526945,953738438,101
410,"Runte, Adams and Hudson",1928860346,477565971,173
411,Hintz Inc,9264345623,938936722,3
412,Kirlin-Botsford,1455006786,874391186,73
413,Kulas Inc,2201155306,269093085,118
414,Schowalter LLC,2673950441,873003031,43
415,"Stark, Ankunding and Kozey",5096885359,356405623,16
416,Quitzon-Funk,9187889537,941230461,144
417,Greenfelder-Paucek,8466121282,515594370,69
418,Feil LLC,1967000673,182064498,46
419,Haley-Hermiston,8517879077,852134497,182
420,Sporer LLC,1817222797,815512450,196
421,Murazik and Sons,4960353426,957336808,116
422,Streich Inc,4134090756,942316364,109
423,Ruecker Group,2066820878,212293809,80
424,Wisozk Group,5699213333,232503746,200
425,"Moore, Emard and Ebert",7654755397,441799215,194
426,Kling-Moen,8799430698,575277517,39
427,Lesch Inc,5128510797,597023992,98
428,"Bins, Schamberger and Schumm",4369955655,257543946,7
429,Nicolas-Sawayn,5298928132,151573088,148
430,Mills-Sawayn,5559203641,675960765,192
431,Quitzon-Dare,1508469487,951784634,59
432,"Zulauf, Dibbert and Goodwin",7080601843,518078231,71
433,"Swift, McCullough and Stark",5718114926,226780817,32
434,Steuber-Schowalter,1808018188,642266027,33
435,"Wilkinson, Rice and Metz",2460626970,731518465,106
436,Greenfelder-Wolff,9893966737,778514181,70
437,Kohler-Herman,4554556228,548548230,128
438,"Cole, Balistreri and Koepp",4178779916,790175806,27
439,Schulist-Lesch,4808277558,285582183,118
440,Berge-Crona,7120547191,934873891,151
441,Spinka-Farrell,9852637207,928625472,8
442,Herman-Mertz,3711052180,534152334,86
443,Thiel Group,3910747144,543817587,136
444,"Keebler, Larson and Kilback",4313560882,941953503,199
445,"Oberbrunner, Kub and Christiansen",7355040752,431089124,27
446,"Hand, Wilderman and Hamill",2432679035,778156184,11
447,Rodriguez-Sipes,6235376959,851197714,97
448,Raynor-Hoppe,7862863121,686868984,72
449,Emmerich-Emard,1366008378,405193390,169
450,Welch and Sons,7899947667,461751261,30
451,"Koch, O'Conner and Becker",2239338679,842479568,135
452,Kshlerin-Schowalter,4470914880,355718738,80
453,Abbott-O'Kon,4910438489,211128455,104
454,Wisozk Inc,9868787968,143715934,143
455,McGlynn and Sons,2779754213,529995302,186
456,Monahan-Green,9599948722,373490688,199
457,Crooks Inc,4410339222,201182969,67
458,Morissette LLC,8308176731,511070354,70
459,Mohr and Sons,8079775768,455477737,146
460,"Wilderman, Osinski and Schaefer",8787065650,353442573,9
461,"Schaden, Maggio and Murazik",6600326895,453676260,131
462,"Will, Carroll and Mosciski",6004052721,840605270,72
463,Carroll Inc,4918599197,384449405,44
464,Balistreri Inc,8491344797,863890072,103
465,Conroy and Sons,2645857336,756908270,106
466,"Konopelski, Runolfsson and Tremblay",1584761531,823191574,175
467,"Terry, Corwin and Feest",7325173382,144311283,144
468,"Boehm, Braun and McGlynn",7643669926,300908472,196
469,"Swift, McLaughlin and Johnston",5532043837,806594016,38
470,Cummerata Group,3437966735,220049024,75
471,Cartwright-Bednar,8100356331,130419150,30
472,Boehm-Langosh,8429376694,814944248,56
473,"Gislason, Williamson and Mann",2629424803,708043919,126
474,Wolff-Lebsack,1397971992,180568131,177
475,"Hamill, Gerlach and Bernhard",6065066165,245852894,12
476,"Schmitt, Towne and Schinner",2498521067,510332352,156
477,"Bailey, Zieme and West",9341872856,553386429,19
478,"Altenwerth, Collier and Howell",6073620360,700689839,156
479,"Skiles, O'Kon and Welch",9611929615,942442870,196
480,Wintheiser-Hane,1901318158,503011949,122
481,"Hegmann, Adams and Windler",4022023603,607052563,9
482,Stroman-Kassulke,2101030654,591660528,149
483,"Nikolaus, Schiller and Huel",1876630252,947409079,39
484,"Zieme, Emard and Rogahn",3836543835,528935419,192
485,Keebler-Aufderhar,3421627998,324538563,163
486,Hintz-Lindgren,1562754162,482157759,45
487,Dooley-Lindgren,5921131372,724417800,182
488,O'Reilly-Torphy,4977323923,821615434,81
489,Morar Inc,8655454791,131277986,72
490,Goyette-Lebsack,6561763350,780152560,70
491,"Dooley, Luettgen and Fay",7156187755,926683700,51
492,Lowe-Douglas,3817072941,762459022,39
493,"Nicolas, Bergnaum and Borer",8960752126,370222913,112
494,"Schmeler, Nader and Kerluke",1891086851,370273501,198
495,Crona and Sons,9539604255,226112057,25
496,Ankunding LLC,2559057074,417664427,60
497,"Watsica, Williamson and Jast",1907221268,211841096,160
498,Dooley Inc,9109005645,766668920,116
499,Bechtelar-Murray,8701513944,894144656,7
500,Will-Grimes,5376682509,310993336,62
501,"McLaughlin, Rau and Upton",3327963302,971495324,123
502,Balistreri-Donnelly,2467812162,429395118,18
503,"Quigley, Abshire and Dooley",2724883618,721988847,195
504,Spinka-Larson,7525048751,660112555,189
505,"Ebert, Monahan and Fisher",1202228553,263093364,146
506,"Bednar, Yost and Klein",4506648695,981048162,4
507,Reinger LLC,2635660388,532020435,85
508,Ledner LLC,8716781455,682259174,87
509,Gerlach LLC,1482415356,641526540,107
510,Littel-Fahey,5897238680,410496530,183
511,Smith LLC,6148951540,644678502,19
512,"Koch, Bashirian and Osinski",8944175903,861954158,79
513,Leannon-Herman,5983724928,155479843,92
514,Krajcik-O'Keefe,8613883726,549892728,150
515,"Larson, Abshire and Funk",3390983402,641759468,36
516,Dietrich-Boyer,8773202280,160934509,88
517,Johnston and Sons,9223643463,991397671,27
518,"Abbott, Kulas and Krajcik",5022472533,256196378,178
519,"Purdy, Jacobs and Krajcik",3971005818,581533309,148
520,Kemmer-Donnelly,2567106140,578524685,147
521,Terry-Ledner,5835021955,972571231,13
522,"Konopelski, Batz and Mertz",8796370090,836951402,67
523,Wehner-Simonis,5400637054,144357054,137
524,"Klein, Stehr and Terry",7076741720,362428613,49
525,Rempel Inc,6939153355,397893158,194
526,Huel-Prosacco,8180049524,710007563,109
527,"Sporer, Doyle and Feest",2524268440,930449507,93
528,Walker-Miller,8485977628,605141743,148
529,"Turner, Hegmann and Zulauf",9617422561,944110221,6
530,Dietrich Inc,5035926762,890144661,107
531,"Kohler, Rice and Rodriguez",5441810301,941732282,50
532,Larson-Paucek,9349523565,296245763,157
533,Homenick LLC,6849738498,358988322,3
534,Reynolds and Sons,9346155836,455932791,96
535,"Smith, Braun and Balistreri",3400480288,992079658,178
536,Frami Group,9612006744,862776268,78
537,Schaefer and Sons,5022353790,117922514,88
538,Franecki Inc,8825540257,248363736,154
539,"Lakin, Cassin and Aufderhar",9899816451,941397724,115
540,Kreiger-Heathcote,1948015700,914806131,3
541,Blick-Kuphal,9986904971,248410937,180
542,Rutherford-Runte,4751463375,655468831,23
543,Simonis and Sons,1834845028,542788285,165
544,Smitham-Sawayn,6609255985,813092145,119
545,Hamill LLC,1825629178,393523893,128
546,"Kessler, Gibson and Luettgen",3257272342,827748359,181
547,"Wolff, Turner and Willms",5434831761,188810414,162
548,Kunze-Mills,7128314631,278273156,190
549,Cole-Weimann,5879573217,565227343,57
550,Stracke-Nitzsche,9017068979,678151983,36
551,Kerluke Inc,5690678685,593160031,63
552,O'Hara-Ward,4054344413,606133472,125
553,Stiedemann LLC,2406909863,281511522,105
554,"Spinka, Frami and Nolan",6347584331,263021034,67
555,Baumbach LLC,5537202086,437038792,156
556,Stiedemann Group,7168731961,629958804,12
557,Schaefer-VonRueden,6646409992,113254981,118
558,Mraz-Rohan,2050937159,267880891,87
559,Rohan-Dickens,5253028400,178125023,29
560,Ebert-Moore,8677527848,370079347,168
561,Wuckert Group,2753306787,490123436,127
562,"Grady, Kerluke and Gleichner",7659717236,993482784,44
563,Bosco-Corwin,4842469317,198284170,158
564,Bartoletti-Walker,7691279967,731830769,16
565,"Leffler, Cremin and Raynor",7642872129,764507425,106
566,DuBuque-Schuster,5660056988,969153309,166
567,"Huel, Cummerata and Johns",7801828108,200332777,99
568,Schultz-Jacobi,3752932948,854967309,76
569,"Trantow, Heller and Zulauf",4057002017,530479446,162
570,Bailey and Sons,4862041683,226237876,129
571,"Prohaska, Hessel and Schneider",1211243112,475212961,48
572,Dickens Inc,5382045933,516739578,173
573,"Rippin, Grady and Lesch",1512542726,515580055,58
574,"Kuvalis, Prohaska and Bins",6684780999,624853193,79
575,"Bergnaum, Doyle and Marquardt",7388629496,889395209,155
576,Bergnaum Group,8599731143,594426911,97
577,Ernser Group,5340323044,212004274,180
578,Botsford and Sons,8617440491,793054000,143
579,"Mante, Murphy and Greenfelder",5232349590,881420876,34
580,"Ondricka, Harvey and Ruecker",7684449040,281644797,60
581,Pouros-Osinski,2030996270,614321172,58
582,Streich-Torp,6008975709,852313123,170
583,Moen Group,3998411892,534761595,199
584,Klein-Lubowitz,1123825462,319478815,167
585,"Auer, Mraz and Carter",1345549997,354889825,68
586,Howell and Sons,1894350396,152351332,133
587,Daugherty LLC,3781262736,918340053,149
588,"Wolf, Hartmann and Walker",9053355603,663242331,115
589,Gerhold LLC,4487480401,858803286,55
590,Jakubowski LLC,4014750023,500634515,162
591,"Langworth, Wisoky and Conn",5675779650,892478408,20
592,Abbott Inc,4262794642,908815069,29
593,Zemlak-Rempel,6011051286,291469267,58
594,O'Reilly Group,5879056855,799743366,103
595,"Denesik, Prohaska and Boyle",7401854028,554770030,167
596,"Vandervort, Feest and Rath",8971391779,198046121,190
597,"Hahn, Waters and Effertz",9643767323,216277499,48
598,Ullrich-Weimann,1553306245,214661253,66
599,Pfannerstill LLC,6913157610,473426822,128
600,Stark-Krajcik,4383096520,844149731,174
601,Zulauf-Friesen,6892118279,981438355,8
602,Dooley-Wiegand,3826111240,283367654,27
603,"Romaguera, Pacocha and Thiel",2171326038,348099492,63
604,Jacobi LLC,3196218956,251838924,74
605,"Kuvalis, Dibbert and Dach",8613026042,833996329,143
606,Cassin-Turcotte,9903797905,212881565,102
607,Lindgren-Little,3527277106,919329722,164
608,Cummerata-Labadie,4878217973,342451110,198
609,Legros-Hand,2132058407,152259791,147
610,"Schulist, Hammes and Cremin",4759423148,891757373,106
611,Paucek-Hintz,5175732396,368931510,6
612,"Schowalter, Bailey and Willms",3184754910,732154397,95
613,"Hudson, Kemmer and Graham",8690009425,673074958,25
614,Spinka Group,1706911400,266187925,6
615,"Homenick, Schulist and O'Connell",7176397251,274916542,168
616,"Wyman, Abshire and Balistreri",8831124140,369953480,96
617,Bednar LLC,2172276577,818064813,148
618,Johns Group,5796632692,696122119,2
619,"Lubowitz, Runolfsson and Kovacek",6695077079,554778251,172
620,Gulgowski and Sons,6851806407,160289380,135
621,Quigley-Flatley,6670616458,393643122,25
622,Lesch-Kozey,1394369426,652140220,62
623,"Raynor, Hodkiewicz and Kuhn",2190548441,421635680,153
624,Fritsch and Sons,7462745896,121840172,175
625,Bergnaum-Durgan,2392177604,970658862,20
626,"Ledner, Lakin and Jenkins",7312177984,560327577,46
627,Hand-Ritchie,8288850014,233383117,169
628,"Nikolaus, Hayes and Klocko",3237227458,498559718,165
629,Walker-Moore,4588996829,152930227,167
630,Gorczany-Ryan,9539250792,283615963,134
631,Rutherford-Zboncak,5612827616,738750915,90
632,Buckridge LLC,2236535295,187549370,66
633,Gutkowski-Beahan,1268168570,673942931,29
634,Thiel-Wisoky,6516008561,304781913,88
635,"Yost, Zieme and McGlynn",8574405392,127579625,24
636,Bernier-Konopelski,5946246476,281646250,176
637,Wisozk-Rau,4403031417,606454205,74
638,"Christiansen, Walter and Cormier",2822577071,638646665,11
639,Denesik Group,5341109560,189603118,37
640,"Connelly, Witting and Graham",4573323626,676509545,147
641,Stroman LLC,4433620774,384183209,120
642,"Lemke, O'Reilly and Crona",4552565101,606377456,107
643,Harris and Sons,9790856199,967408385,70
644,O'Kon LLC,3636141522,852761665,9
645,Vandervort-Sanford,3060720669,646028277,151
646,"Ebert, Schultz and Collier",8284653161,307119265,158
647,Okuneva Inc,2825705002,617045435,4
648,"Grant, O'Reilly and Tremblay",5126415015,991279494,100
649,"Runte, Keeling and Bruen",6922283826,781314939,6
650,Bernhard and Sons,8209309296,759373763,149
651,Schaden Group,3054971744,839276495,123
652,Muller-Connelly,3204549208,661562092,160
653,O'Keefe-Howe,5049079014,537550232,59
654,Nolan-Krajcik,5765496616,428486068,84
655,"Mertz, Wisozk and Goldner",8243001857,964403225,163
656,Williamson and Sons,5690613602,634956595,117
657,Quigley-Kassulke,3923857563,149742759,137
658,Morissette-Willms,3158586106,440665157,2
659,Baumbach-Leannon,7618582319,762977070,114
660,Rogahn-Grady,6599752980,370577575,127
661,Connelly-Satterfield,1579325983,399152205,138
662,"Prosacco, Effertz and Reichert",9918123172,427867632,23
663,"Hegmann, Walter and Okuneva",6750049361,700157512,180
664,Weber-Skiles,6935143391,681823154,184
665,Schaefer-Runolfsdottir,6156803812,437649103,24
666,Paucek Inc,5558787969,982734812,21
667,"Herzog, Haag and Von",3127009585,349132419,109
668,Roberts-Deckow,7573302439,950306305,106
669,Beer Group,8978677957,401188108,24
670,"Pfannerstill, Streich and Lesch",4282965564,598487515,185
671,Graham and Sons,8328524946,398672198,23
672,Schoen LLC,1739084713,136052413,117
673,Reichert Group,2281947220,825430213,51
674,Ledner-Bergstrom,7355791221,890365609,81
675,"Upton, Adams and Jacobi",5024159107,764464116,64
676,Goyette LLC,5900615275,896217659,74
677,Stanton Group,2366460762,119983215,146
678,Hagenes Inc,1269389907,661438853,186
679,Hahn LLC,6679382014,190071370,106
680,Purdy Inc,6342351285,216123704,159
681,"Dickens, Dietrich and Olson",2328540634,767267565,181
682,Hermiston and Sons,4407763665,886824395,90
683,"Schinner, Yundt and Goyette",9425099695,604603178,1
684,Kiehn and Sons,9094187704,513287934,59
685,Gaylord Group,8227909721,872344638,113
686,Kuhic-Ortiz,9436455935,664172227,154
687,Feest-Turcotte,8461073268,327596733,51
688,Heathcote LLC,4847459825,537011657,101
689,"Weber, Morar and Dickens",1983586049,884730104,70
690,Witting-West,2252637815,583554663,148
691,Tremblay-Rau,5228158569,938550505,150
692,"Konopelski, Morissette and Parisian",2298243287,498425473,179
693,"Hodkiewicz, Erdman and Hartmann",3903421777,967695205,10
694,Goodwin-Murphy,7316784876,493118767,183
695,"Hoppe, Thiel and Greenholt",8004135381,630747887,178
696,Labadie LLC,9473098338,977734090,167
697,D'Amore Inc,1734599011,810123055,62
698,Brakus-Effertz,3649894133,964946028,193
699,Wolf Inc,3325419202,603677248,21
700,"Russel, Turner and Witting",5347448644,599978540,168
701,"Schulist, Ullrich and Corkery",9542421453,534013642,81
702,"Howell, Bogisich and Donnelly",7253394245,639841089,54
703,Kemmer-Feeney,3790851740,724350066,100
704,"Connelly, Turcotte and Welch",2236146395,998150611,187
705,"Swift, Davis and Considine",1488020769,352852841,144
706,Beier-Hirthe,2299963365,230066197,2
707,Wolff-Torphy,6843055961,899550897,147
708,Harvey-Klein,4724350907,307784522,173
709,"Oberbrunner, Schiller and Abbott",6287267823,301783207,149
710,"Armstrong, Lind and Okuneva",4119506144,497738927,54
711,Schuppe LLC,1280518699,732869441,67
712,"Schumm, Hayes and Stark",3099912270,273599408,135
713,Kuhn-Sauer,3163315708,929452635,122
714,Kassulke-Schulist,1370132651,685062016,99
715,Ankunding-Cartwright,9347699331,537507851,96
716,Carroll-Zulauf,6161209396,448447062,116
717,Olson Group,3081141567,272719213,10
718,"Mills, Lind and Tremblay",1750328387,631531324,161
719,Abbott-Schaden,3593297916,246162407,95
720,Homenick-Klocko,2508113609,249907005,159
721,Kovacek-Harris,9933217416,250896334,190
722,Bode-Breitenberg,2554876178,539627508,154
723,Kerluke LLC,9396977640,866571377,186
724,Corwin-Fadel,3054762238,918514003,26
725,"Witting, Hickle and Schultz",2877665177,549127095,153
726,Bednar-Koepp,1401550055,630323662,113
727,"Rice, Volkman and Morar",8654817378,900460696,176
728,Schamberger LLC,9175001671,679600270,126
729,Conn-Sipes,4902170122,463897509,179
730,"Lang, Parker and Roob",2189024099,410107714,195
731,Lubowitz-Koss,7541421695,223738792,20
732,Marvin Inc,6018519793,549789227,190
733,Kovacek Group,7858731022,379048091,194
734,Rippin-Wisozk,4111463823,845702602,103
735,Cole and Sons,7273350052,411262944,2
736,Mohr LLC,4136026339,246129370,45
737,Ziemann-Volkman,2616965177,787294626,64
738,"Bahringer, Stoltenberg and Toy",4176969027,969427211,131
739,"Cartwright, Hudson and Tillman",9850479491,922887892,3
740,Howe LLC,9735716828,507006251,104
741,Glover-Toy,7434863872,644046381,187
742,"Marvin, Bradtke and Dibbert",5341129451,536976399,58
743,Johnston-Dickens,3741356799,770964861,20
744,Carter LLC,6853318706,804394886,79
745,Marquardt LLC,6577254124,343919125,143
746,"Franecki, Reynolds and Sauer",4395523408,259268678,75
747,Koepp Inc,7524302086,299575642,194
748,"Renner, Kutch and Renner",7949354679,174790372,182
749,Fahey and Sons,5090385256,888981640,152
750,Ward-Dibbert,3296740527,439446991,38
751,"Cummerata, Jenkins and Gleason",4626630352,932456133,22
752,Cassin and Sons,1903884907,622747860,126
753,Stracke-Huels,3087689744,888796789,93
754,"Spencer, Sporer and Koss",8894749738,690696138,146
755,Fay and Sons,9629077134,229606770,146
756,"Langworth, Legros and Hartmann",5922686987,570990464,62
757,Dach-Hilpert,1522716207,232407762,7
758,"Osinski, Cummerata and Upton",2578173079,283641240,109
759,"Parisian, Carroll and Auer",3110527419,377690491,127
760,Abernathy and Sons,8995992355,446108821,83
761,Rice-Johnson,8749200790,636956743,91
762,Nader Inc,8486867555,133602751,155
763,"Rogahn, Wintheiser and Corkery",4502071364,608501839,194
764,Windler-Schiller,2446773395,341096055,8
765,Bergstrom LLC,8208691709,289977410,190
766,"Kuhn, Beatty and Walter",4695146109,222133980,129
767,Mitchell Group,5508455554,985925913,34
768,Gusikowski and Sons,3067677451,528345573,190
769,Williamson-Rau,5371564135,207262454,25
770,"Schroeder, Glover and Christiansen",6787727097,147898298,166
771,"Oberbrunner, Ebert and Koss",7600559617,664976431,24
772,"Raynor, Braun and Kuhn",5038212956,442747593,180
773,Prosacco Group,9342770227,972289802,144
774,Emmerich and Sons,9929774904,632388603,112
775,Schinner-Harvey,6150256127,442357267,50
776,Moore Group,1225811390,281470513,96
777,"Farrell, Hoeger and Kris",7275140213,354351417,10
778,Kautzer-Rodriguez,9965509739,530471498,155
779,Gusikowski-Simonis,7197095751,401816261,127
780,"D'Amore, Dooley and Predovic",6814771504,124167349,65
781,"Bosco, O'Conner and Borer",5779123420,459247039,26
782,"Hudson, Wehner and Ortiz",3303413070,199858626,15
783,Ledner-Bernhard,6069191415,276294357,185
784,"Upton, Sporer and Renner",8021669885,904645561,122
785,Schamberger-Paucek,6647261652,936596101,19
786,Hammes-Kirlin,6131963889,526586551,19
787,Smith LLC,8009798119,740498547,62
788,Brakus LLC,9842122762,995567622,65
789,"Schimmel, Wisoky and Hahn",9890572480,655625381,82
790,"Gerhold, Emard and Paucek",4254464728,649579175,155
791,Roob-Heller,9941058465,185718213,78
792,Gleichner-Rolfson,4472262210,825742781,56
793,"Stroman, Upton and Rippin",8492929914,222014320,133
794,Bauch-Flatley,2614765693,436431549,12
795,"Hilpert, Leuschke and Renner",5086550810,505577059,81
796,"Grady, Veum and Gibson",3421457733,499737888,182
797,O'Connell LLC,5446367649,927525762,30
798,"Dickinson, Klocko and Johns",8711941646,512847013,11
799,Cremin-Orn,2962879892,992094226,20
800,Davis LLC,8354851855,376158768,84
