id_pracownika,imie,nazwisko,pesel,id_miasta,id_ulicy,numer_budynku,numer_mieszkania,kod_pocztowy,id_hurtowni,id_stanowiska
1,Kris,Temperley,15040234808,264,179,439,147,30252,79,82
2,Brande,Pyott,14717165267,197,17,292,78,96662,100,38
3,Valeda,Syfax,49630292077,215,308,182,136,80503,273,39
4,Chrisse,Muffett,91789158679,308,81,531,48,44889,295,88
5,Sibelle,Turney,79996844876,380,10,116,16,37331,199,92
6,Carole,Quarterman,91013322156,68,265,486,151,52347,89,14
7,Elise,Spira,56699496175,344,114,617,191,71732,86,30
8,Breanne,Biaggelli,59415522958,296,265,438,25,14469,241,66
9,Lethia,Coursor,40156208178,269,169,488,37,13509,300,7
10,Valaree,Trevers,37213938217,17,273,315,137,16947,258,78
11,Bengt,Huggill,78814648921,115,262,132,163,23481,248,36
12,Gerry,Boutellier,71077221177,25,228,550,64,60570,142,39
13,Bogey,Huntar,67521287828,77,262,495,172,74004,108,80
14,Davie,Bottom,36147991707,123,108,96,14,85051,196,75
15,Stanfield,Cammack,93582599879,293,93,583,50,52102,99,66
16,Anne-marie,Dinjes,80181510252,238,253,582,38,66116,35,47
17,Seka,De Beneditti,12715035417,153,301,683,19,74043,33,3
18,Adrien,Van,73412665096,10,210,149,196,22856,197,3
19,Gretna,Strover,54933263921,247,76,146,111,35626,29,43
20,Phillie,MacDuff,28937343516,183,205,88,27,68234,127,10
21,Lezlie,MacCarrick,66611655301,135,209,216,7,63112,199,51
22,Dorolisa,Bordone,40539099787,11,307,631,153,46465,39,42
23,Freddy,Stollwerck,40489267522,306,85,519,63,32407,112,37
24,Ode,Dorrins,46603783512,314,100,149,53,16345,121,86
25,Celesta,Spada,60023407883,166,171,196,129,15014,235,1
26,Elinor,Parlor,65943978232,286,157,249,23,73246,11,35
27,Chucho,Rapkins,10816789321,76,370,394,164,49610,86,75
28,Eldredge,Bernardes,27951090962,124,217,162,142,17866,39,53
29,Corissa,O'Farris,36057604151,192,378,679,189,91475,234,14
30,Keely,Thickett,76510313737,398,312,278,72,94041,149,62
31,Shirley,Ferry,55373605950,273,26,289,70,29951,74,91
32,Monte,Shillum,46673638874,167,379,639,44,38973,159,7
33,Fredia,Axup,58032511486,324,145,477,80,39733,140,14
34,Marla,Hambers,32488337044,368,379,654,199,77090,125,85
35,Dalila,Dinnage,74037953090,323,290,545,176,65781,222,6
36,Arleta,Spier,53813189032,292,92,418,187,23978,168,92
37,Toby,Radoux,55479085988,112,296,246,165,62581,196,42
38,Gordan,Haville,44498339832,87,398,130,152,15277,249,82
39,Darnell,Arnold,46243180632,39,243,681,149,99270,11,16
40,Rosemarie,Melling,45153618093,251,255,268,3,85113,148,58
41,Phyllis,Malter,84937080534,42,49,642,20,45827,229,49
42,Broderick,Faithfull,91637684742,222,3,207,97,80627,113,26
43,Agatha,Fairlaw,60437776494,329,268,454,128,65955,245,27
44,Carleen,Francois,40368140323,191,121,186,193,48156,67,13
45,Stephi,Bernhart,96215093849,170,388,411,195,27061,264,59
46,Cecilio,Lippo,89365081457,297,229,364,5,87264,27,84
47,Paulo,Midford,49593138618,393,274,67,11,15665,256,25
48,Conan,Minney,33690866552,357,270,186,6,78283,258,46
49,Phillip,Baxter,70674459883,278,243,19,7,95332,160,29
50,Paulo,Berceros,47238340070,206,398,135,115,37393,292,68
51,Jenda,Quarless,46998621074,61,282,179,76,26614,252,85
52,Derick,Dedmam,75987108697,106,397,583,186,13424,241,83
53,Grannie,Enterlein,43715829374,215,304,606,29,13439,57,59
54,Chlo,Tomala,90061397051,362,350,485,105,78399,32,66
55,Penn,Fetherston,87277562376,154,387,81,128,38946,294,72
56,Cleon,Gerren,14405596004,73,5,655,136,58081,161,97
57,Janeva,Cyseley,70780320930,50,120,517,153,93592,52,23
58,Moselle,Fullager,67413425037,6,271,679,33,85845,166,100
59,Cele,Kubes,58439137553,140,121,241,58,17123,61,82
60,Lazarus,Brushneen,60304239635,237,136,640,76,53247,286,65
61,Sinclair,Trenear,77307123655,360,329,232,24,17580,67,98
62,Roseann,Gatherell,30134727062,316,232,640,46,85273,247,24
63,Jacqueline,Rashleigh,12653896158,309,343,122,160,54985,111,18
64,Sorcha,Stout,61799091961,79,99,531,2,91224,90,26
65,Eran,Pareman,83200439268,191,44,592,96,55287,63,95
66,Thomas,Rentz,33050457777,373,25,255,183,74491,250,1
67,Aida,Sugars,16623046104,236,308,419,74,49781,40,84
68,Pembroke,Fitzsymonds,81642607935,358,55,596,24,64079,187,46
69,Julissa,Stirman,73908511084,175,66,330,54,30389,132,49
70,Cassandre,Plumstead,29500619217,220,145,550,168,75820,212,5
71,Tillie,Gilardi,88556884894,373,310,351,116,60560,215,61
72,Der,Libri,40247899777,213,166,168,109,33711,154,60
73,Angus,Stranahan,83679842183,377,253,272,196,81698,89,42
74,Craig,Usborn,87888721099,360,128,478,179,91253,255,10
75,Avril,Caudwell,49571607340,214,260,379,171,16662,205,54
76,Costanza,McOwen,92266488376,117,64,298,55,88795,134,15
77,Dean,Blonden,25324438600,245,133,642,102,44984,175,29
78,Elias,Bonelle,89146511558,142,213,111,150,66545,57,94
79,Frasier,Leeson,10185803934,190,139,458,9,23350,151,51
80,Sabra,Schirok,96889611687,277,308,178,173,16689,89,86
81,Lauryn,Heild,29428978669,164,371,584,141,38305,11,82
82,Cully,Clinkard,48443364996,286,250,590,73,51323,125,85
83,Elvira,Decker,46031518457,66,150,172,114,90697,227,66
84,Gale,Kiraly,81911851873,43,36,377,181,64461,87,57
85,Hedda,Costar,65048679225,78,259,152,67,55293,137,65
86,Dale,Fiddeman,75280083780,289,387,573,11,51001,153,76
87,Boigie,Kezar,39328341587,293,321,174,71,21842,294,63
88,Karisa,Culcheth,43014569909,349,116,76,12,43765,134,9
89,Byrle,Foynes,17641329136,123,36,349,191,55951,162,39
90,Herbie,Dury,74835289940,333,137,677,158,97159,177,33
91,Davon,Hazlehurst,52034844327,88,222,380,192,51391,37,30
92,Myrna,Matokhnin,31333644684,341,327,655,164,24623,152,13
93,Judie,Preston,78283481105,228,98,306,197,95567,179,59
94,Arman,Snooks,55425035409,27,349,386,92,29547,111,85
95,Harris,Byrne,52831715853,85,41,1,51,14141,26,79
96,Cosimo,Heilds,84246372254,285,319,379,188,79837,31,57
97,Melinde,Daldry,62256662688,333,110,251,87,93342,192,82
98,Susan,Alflat,43236834097,112,142,473,31,19315,207,40
99,Tally,Ranfield,43608804270,207,108,458,197,50247,209,27
100,Hobart,Witherby,20863907748,335,382,73,25,66977,129,47
101,Ezechiel,Petlyura,22705625442,131,217,539,84,95460,244,21
102,Katine,Parkin,83854093161,98,21,698,81,71773,85,93
103,Gannie,Sobtka,14463236750,96,1,494,48,76672,184,2
104,Berke,Bellson,16679356664,212,230,466,67,36395,196,54
105,Rodney,Neasham,90370722905,130,314,202,107,65830,264,17
106,Bastien,La Grange,52037512607,159,295,299,37,59065,20,86
107,Salim,McCorley,12394689075,380,147,665,166,99539,246,54
108,Buddie,Bradburn,36728495659,25,93,7,186,18329,89,34
109,Thaddus,O'Currigan,94080335702,371,348,635,15,47443,254,8
110,Isaak,Slatford,24133123611,1,26,445,153,96284,133,20
111,Georges,Allder,22337006858,360,130,570,31,88494,69,41
112,Liza,Milksop,79803272107,373,125,559,190,58383,32,25
113,Biddie,Lilion,41851425875,70,72,211,70,66558,2,37
114,Dionne,Moro,30652208117,368,146,464,198,18676,236,51
115,Laurena,Lowth,15842709264,35,354,135,183,96978,43,71
116,Gaston,Doudney,65205300040,159,131,178,70,36479,50,6
117,Cathyleen,Tabor,36929924962,318,211,19,50,68093,280,23
118,Tammie,Petrello,38227349321,102,309,436,145,41707,68,72
119,Adelind,Lucken,12794759707,76,121,376,158,97854,22,18
120,Leoline,Seiller,73250403111,300,357,230,76,50484,272,35
121,Frederica,Anthoine,31051814684,66,153,232,189,12993,93,45
122,Joella,Secombe,76055165112,285,26,428,5,24856,15,43
123,Gerrard,McPherson,98628018759,176,137,410,200,53841,62,16
124,Harmony,Barkess,75068041442,29,219,135,45,36853,279,52
125,Kristopher,Fugere,37649922785,53,370,584,8,89424,254,80
126,Halsy,Gobeau,58753604952,337,147,537,53,73026,275,14
127,Michail,Dionsetto,11891309880,146,83,556,142,78191,72,10
128,Rebeka,Neave,73485719758,273,381,543,2,20196,216,26
129,Katharina,Gero,16543233293,120,163,282,191,84146,286,39
130,Dennet,Cadwaladr,60183062488,285,26,164,22,60652,207,84
131,Muffin,Campsall,92578895893,26,57,74,140,21841,139,48
132,Anatola,Daniello,23749099930,170,96,675,52,12129,19,91
133,Giulia,Crosfield,13985290644,133,99,573,27,45395,118,81
134,Alexa,Effaunt,47331349336,80,266,554,165,85629,17,57
135,Lilia,Panichelli,19508714730,290,261,668,11,21172,37,60
136,Say,Plimmer,32665241299,95,347,647,126,65389,99,51
137,Viola,Gilling,38266457343,191,67,590,193,66176,17,67
138,Coreen,Binks,97507061657,64,173,23,66,38702,280,35
139,Phylys,Madison,68603545405,22,381,58,70,84363,138,40
140,Dollie,McGinny,58350460547,195,214,439,84,51176,228,80
141,Kacy,McReath,27290048312,381,114,439,117,61556,146,75
142,Reinwald,Dade,79410365092,370,347,675,155,22368,107,12
143,Bella,Simpkin,81019661496,6,10,565,131,54171,173,54
144,Marnia,Ruos,72765854202,311,280,454,117,56490,134,34
145,Deanna,Dollin,54920808788,249,249,461,3,43982,78,52
146,Ginger,Stuttman,58156632381,193,384,665,45,22128,207,17
147,Morgan,Pepperell,84983297520,141,257,138,121,38520,257,99
148,Tiffy,Simony,39942484596,290,253,459,161,97011,116,96
149,Ursala,Chalke,54563947397,83,173,543,169,87135,131,58
150,Roda,Suddards,29648164742,222,211,40,131,34288,134,9
151,Delilah,Bettis,67777932234,68,260,310,195,88320,72,33
152,Flin,Divell,27495929917,200,60,221,151,11555,119,16
153,Linnell,Cahen,73523041642,275,222,284,83,76837,289,31
154,Lammond,Gennings,38724583718,353,246,330,63,20750,95,19
155,Marcellina,Huke,39363900193,337,208,133,164,63281,56,26
156,Jewelle,Fothergill,73782009282,50,126,81,172,20979,206,17
157,Robin,Harroway,60283373486,117,268,553,7,32762,57,70
158,Brady,Spiers,64589382962,283,299,442,80,56311,61,28
159,Elie,Brigginshaw,96339744183,322,274,661,33,41586,293,82
160,Jarrod,Basire,95716398001,117,204,394,154,44073,122,39
161,Sibbie,Poyntz,84472764363,249,26,132,121,38099,199,34
162,Boote,Attenbrough,59512399111,371,216,298,70,29727,298,24
163,Arri,Stump,73785461735,155,161,163,34,45993,283,35
164,Vincents,Wederell,46412124226,284,354,373,17,80759,174,81
165,Simon,Dartan,22954074106,174,27,179,45,58339,20,46
166,Yvette,Lackington,58808401398,20,351,687,167,76072,183,17
167,Willard,McLenaghan,73845011014,378,347,161,42,76712,93,41
168,Malinda,Folli,38409521502,345,124,597,160,34790,66,91
169,Phyllis,Kares,97311700150,102,400,114,48,28816,250,98
170,Antone,Rozec,91124027036,109,229,269,139,86979,29,31
171,Teodora,Reignard,66014157893,2,35,466,10,25893,176,86
172,Walsh,O'Hallagan,40327478519,246,43,386,54,18799,28,77
173,Kris,Spread,84109626288,163,83,137,138,38558,172,6
174,Ardelia,Coogan,25120113906,104,257,690,135,60606,217,57
175,Casi,Canadine,21136424671,219,376,317,139,67648,221,22
176,Pauletta,Ellesmere,25389114215,17,84,441,65,66390,209,65
177,Edvard,Postans,96823432186,157,95,116,157,58939,90,29
178,Dusty,Becks,93573694760,171,157,565,45,63561,58,15
179,Ethe,Pettigrew,23818563571,256,138,351,102,89827,251,67
180,Nadia,Junifer,65751453468,221,247,233,153,17197,70,44
181,Kacy,Pancost,88585182537,123,111,206,160,19972,290,36
182,Haywood,Morin,23449371138,12,380,178,155,29588,135,12
183,Jodi,Walpole,55461399702,46,300,395,50,12786,196,96
184,Giustina,Riping,76715419728,135,113,25,19,88309,282,43
185,Gasper,Ewin,85969297012,398,29,95,50,40556,261,18
186,Alonzo,Drable,84329953384,44,52,134,114,93977,62,91
187,Wanids,Jachimak,17588589551,29,149,515,1,37347,186,82
188,Pasquale,Brakewell,97186513923,276,173,142,101,20914,264,99
189,Quintus,O'Cosgra,73639402389,4,134,602,37,70318,35,48
190,Carol-jean,Catterill,58626932848,4,2,76,77,91978,201,3
191,Phillis,Sollas,92747620810,330,257,183,9,41428,183,88
192,Pete,Kyne,90662396924,376,42,447,70,72296,226,78
193,Hortense,Darrow,73934873952,265,244,68,199,92121,228,25
194,Karolina,Purchase,82359094325,123,293,608,197,27283,197,52
195,Lammond,Mitcheson,58227053806,339,156,102,185,85277,17,39
196,Daniela,Belfrage,14979488263,218,149,313,96,86047,71,39
197,Cristal,Egle of Germany,27138629347,258,211,23,146,55295,25,15
198,Timmi,Simounet,98469839839,274,26,232,192,75576,66,28
199,Corella,Levesque,74107497395,112,168,627,66,61696,231,32
200,Emmalyn,Gilluley,63615526170,249,213,444,186,82735,261,73
201,Sharia,Paddemore,27523997936,9,151,29,25,17954,227,85
202,Milton,Mayow,59608556145,176,346,530,137,94889,245,38
203,Calhoun,Lerer,64293818319,286,386,692,56,91671,17,67
204,Liesa,Itzkov,56342745595,355,84,319,101,50043,293,48
205,Quintus,Klaas,74009208837,221,349,446,103,36006,293,66
206,Gustav,Dimitriades,63746303079,147,203,560,49,95427,83,94
207,Golda,Izacenko,29790558112,45,15,495,107,35641,68,11
208,Bev,Goley,96456150940,38,345,160,71,49843,261,1
209,Joleen,Swatheridge,75175275245,94,58,562,51,60256,278,19
210,Cosetta,Crucetti,18060210290,87,120,630,35,24602,159,86
211,Nicki,Gooddy,44480184920,234,301,357,36,17507,284,54
212,Babs,Sands,88059583944,207,242,399,110,30744,287,74
213,Murdock,Joderli,72669216864,51,224,279,58,81751,35,81
214,Wood,Skin,52042855857,22,180,415,52,44155,233,74
215,Hughie,Domone,23502491235,198,78,526,84,42828,222,82
216,Marthena,Hinchcliffe,47855681942,374,242,658,91,25443,236,99
217,Letitia,Pfiffer,54417624876,174,19,15,155,44544,156,88
218,Euell,Marchi,81392281761,245,101,211,69,58798,136,37
219,Hobart,Lomis,39481592520,140,285,337,50,46878,84,10
220,Radcliffe,Pilbury,25640236151,336,59,52,133,87917,169,74
221,Wendell,Flye,16913095151,125,113,570,194,99129,55,58
222,Vanda,Machin,38033840072,81,279,526,29,83284,37,33
223,Staford,Genery,79509044407,43,87,252,126,98466,118,12
224,Rosemarie,O'Noulane,32299941885,175,97,527,142,32721,281,92
225,Lise,Mettrick,70676867782,172,25,423,187,87413,64,13
226,Cal,Messent,56270556791,13,375,91,8,82167,36,70
227,Sumner,Bossingham,92175749508,63,346,15,116,52533,50,69
228,Weston,Flint,14356550897,181,385,165,107,70253,106,21
229,Calla,Agron,66891579105,233,203,292,127,81438,227,78
230,Mirabel,Duffield,85618332272,30,324,536,123,68559,175,10
231,Grant,Gilffilland,50738649394,386,359,128,151,22275,263,94
232,Micky,Aldersea,64500295451,62,74,573,115,92019,44,21
233,Aylmar,Larkin,31960694460,394,387,635,198,22971,69,54
234,Anderson,Vevers,78827583375,345,342,582,146,98852,264,76
235,Orland,Pester,76148135110,320,29,229,150,74581,273,92
236,Trever,McCurdy,60149801204,57,192,90,97,85890,51,2
237,Eldon,Tittletross,27652021317,359,112,97,126,54878,13,12
238,Erhard,Scamadine,17987296293,1,105,503,191,29684,190,64
239,Paige,Dunbar,99576564358,201,56,170,122,50189,127,81
240,Tremaine,Le Moucheux,21363619146,239,87,346,183,67951,294,62
241,Reggie,Bilovsky,74530050924,265,354,629,74,81994,128,64
242,Marsha,Learmouth,62278454469,27,33,649,67,92324,85,85
243,Whitby,Vickar,93132472583,59,286,645,168,55233,268,57
244,Petronia,Roizin,73858116953,159,305,80,13,76969,135,92
245,Meyer,Haye,23166275902,212,188,237,71,70858,48,41
246,Viviyan,Marlor,69635209020,84,6,200,130,83925,123,55
247,Timmy,Heinssen,41864878606,295,49,381,107,12049,297,97
248,Lion,Blockwell,13585886772,187,225,444,146,51297,41,31
249,Charmain,Boullin,81586501642,159,359,445,81,20455,215,60
250,Nealy,Losano,49330091149,319,57,310,81,48352,14,95
251,Emelen,Trustram,17467362059,50,8,493,79,61700,92,67
252,Misha,Peyzer,44829384065,300,325,483,192,93926,207,99
253,Georg,Gapper,95731770805,100,172,482,185,76264,134,61
254,Ashley,Hungerford,94860913356,103,354,179,6,83442,177,7
255,Mag,Bahl,90089289046,153,175,261,54,13276,47,71
256,Rosa,Milham,81047111758,345,318,251,200,48941,140,75
257,Maynord,Targetter,70503294689,82,47,508,55,87449,183,86
258,Stacy,Graben,60788963330,181,272,408,190,58935,201,60
259,Valentine,Bareham,41751717314,189,243,159,67,99833,296,74
260,Tiff,Cracknall,61878089730,122,308,101,108,95826,48,51
261,Tabb,Plaistowe,15546846819,304,212,669,148,17819,68,88
262,Beulah,Rideout,56612532471,234,355,539,162,18658,262,28
263,Leeann,Gulley,80747492407,361,56,405,41,65598,73,77
264,Junina,Reedick,88579849652,123,99,135,155,85103,165,94
265,Irene,Wroe,42718073509,173,99,503,16,28803,35,32
266,Sterne,Coward,92202876417,229,139,228,106,31321,56,53
267,Vannie,Hedges,84669579059,104,96,449,134,72237,256,1
268,Eimile,Kerton,97879719920,361,285,545,30,23900,177,33
269,Guthrie,Mabbott,69089367308,254,48,382,164,65854,20,31
270,Vilhelmina,Bogue,29371034053,361,212,170,148,98294,182,71
271,Jasper,Beltzner,59681999919,90,83,528,156,43456,261,18
272,Woody,Bottoner,33237487031,56,276,27,12,49934,273,49
273,Kristen,Wisden,16139272439,121,348,376,27,60452,44,35
274,Michele,Pods,77576216429,197,175,13,35,91243,77,86
275,Chickie,Schollick,27974137814,26,44,154,173,67774,287,97
276,Danielle,Stidworthy,93399260466,141,62,415,84,81169,125,35
277,Kelley,Garrit,82920929475,93,318,45,185,26525,34,77
278,Alfy,Spurr,86825058912,394,5,617,156,61865,273,82
279,Rhoda,Bunyard,87025123028,48,43,332,111,27263,255,3
280,Dorothee,Leaver,90129409280,197,190,619,146,34523,48,66
281,Jamison,Stetson,40937366541,129,352,181,200,87719,184,26
282,Kristel,Oxbury,74418825760,94,187,691,135,13535,15,43
283,Derron,Sayward,16982040937,350,66,187,21,82928,170,55
284,Lincoln,Job,74885578365,303,90,19,63,96238,42,20
285,Zonda,Keats,74442261809,260,256,403,75,85167,168,83
286,Ripley,Fridd,90898605941,247,4,418,138,61266,238,98
287,Bronson,Hassey,75410068368,118,297,572,196,43538,186,13
288,Mathilda,Surman-Wells,36235556183,344,134,568,102,78656,172,16
289,Colman,Jolliffe,21126250450,160,14,541,154,27098,183,5
290,Malvin,Gauchier,58175061909,245,386,467,44,37475,290,60
291,Cayla,Vigar,32190446994,314,153,623,125,75864,67,52
292,Karissa,Bonfield,35481187380,156,354,615,127,70306,146,71
293,Diann,Reiling,99160326106,42,288,532,32,99656,147,55
294,Guthrey,Cossey,67184062662,271,328,498,78,18177,295,100
295,Brandie,Bonnesen,59102876954,45,155,544,162,77911,151,94
296,Barth,Fairbourne,32715634792,162,116,391,169,82500,138,64
297,Bear,Soper,27024101177,355,227,609,170,69147,226,59
298,Gilli,Bantham,91699629623,32,333,367,85,71415,69,21
299,Darsie,Stowe,39579429156,350,124,135,80,47840,218,12
300,Lorena,Gear,80682598034,118,354,360,87,84136,9,91
301,Gaby,Blaisdell,89181196062,253,44,590,147,91547,271,68
302,Carline,Pfleger,47158172178,162,267,109,27,89097,299,76
303,Bartlett,Skeemor,17564575594,315,383,225,66,92969,32,6
304,Cymbre,Tretter,30879886498,223,334,198,94,11395,200,48
305,Brent,Bedford,16608732376,261,23,189,34,23904,105,22
306,Leena,Farlham,59548795173,357,323,20,7,45124,108,67
307,Karrie,Myner,76168519522,158,272,617,94,35164,205,75
308,Lion,Satteford,79561106893,229,240,596,90,91136,16,11
309,Corabel,Tumber,94082989291,198,119,632,6,85922,208,83
310,Jamie,Weatherburn,35863213319,300,340,124,63,46817,6,70
311,Sarine,Hingeley,45827248980,353,391,379,52,36642,289,58
312,Cassy,Helliwell,44044529870,275,351,323,185,52274,216,30
313,Kyla,Ponsford,22640775088,259,215,195,38,15581,224,22
314,Emmeline,Tatam,92135907237,392,89,479,169,82299,239,32
315,Dominick,Beevis,29334729427,40,113,303,78,79006,215,20
316,Dino,Letcher,27769108275,48,182,363,85,47285,153,61
317,Simon,Vezey,11472441574,78,265,231,186,37726,156,5
318,Daven,Dunthorn,60392255824,188,29,635,110,18249,7,20
319,Di,Hugill,21478759534,400,163,589,62,80079,137,66
320,Welsh,Rook,64584113512,221,179,377,104,88225,89,69
321,Kile,Penquet,63148536492,4,87,378,59,92238,261,8
322,Baily,Ericssen,60991556389,311,111,14,155,25874,83,19
323,Dennet,Seymark,76839643397,207,284,308,69,78229,264,88
324,Staford,Ingman,28202400624,124,326,647,78,34840,192,99
325,Pamelina,D'Cruze,32268786150,142,240,234,47,80414,68,91
326,Nichole,Sirman,11042565015,328,114,340,76,93279,27,13
327,Marcelia,Kuhlen,55204574020,326,205,190,86,43806,263,97
328,Fawn,Money,62954835701,386,63,461,1,93421,94,25
329,Mable,Guise,83398350510,108,50,177,138,79878,112,56
330,Billy,Speeding,17908309168,91,181,171,127,57587,120,59
331,Aguie,Lippini,37346954281,147,341,461,19,93476,205,94
332,Leone,Goble,83448079976,116,277,584,180,54782,278,61
333,Joshua,Shephard,81801002265,123,282,318,182,60377,54,37
334,Tessa,Fend,79492666244,339,140,114,87,73299,135,43
335,Davita,MacKissack,60735997464,328,151,274,74,17962,79,72
336,Bambie,Kolakowski,76941304983,249,73,150,16,91797,108,43
337,Terese,Hofton,77594192993,303,340,654,148,57392,207,14
338,Penni,Sudell,76941112345,220,118,543,116,82419,252,69
339,Melly,Gilpillan,83320722354,310,12,537,146,15208,76,52
340,Felisha,Bellelli,12527265822,61,108,56,13,59528,58,34
341,Ber,McGraw,33645941899,320,151,440,153,12884,262,79
342,Dennet,Chauvey,43734616184,94,289,368,127,16004,207,87
343,Vasily,Hallworth,47197252875,151,368,139,18,60030,142,30
344,Brandise,Dalliston,69720382599,140,265,692,111,37974,24,59
345,Arliene,Kayne,12347241556,329,59,340,116,64942,239,60
346,Felic,Wellbelove,77247323658,296,155,316,80,40884,40,90
347,Bear,Rocca,78549586478,342,220,526,137,80330,97,25
348,Rand,Jozwiak,37618651895,36,290,316,185,36574,288,6
349,Ardisj,Varker,48768274862,98,156,482,165,62721,286,28
350,Natka,Lightwood,14728333386,285,147,333,25,19976,188,69
351,Drugi,Gummoe,30119242429,116,87,304,29,86806,13,19
352,Jean,Toseland,47014306515,182,89,649,160,71929,17,72
353,Deny,Redparth,81044721210,385,85,631,190,91843,197,41
354,Elka,Bedlington,48706205804,176,114,568,6,97396,164,40
355,Layney,Gonzalo,19250121888,393,9,697,107,75780,268,36
356,Riva,Cruickshank,56233103010,172,24,39,123,67539,297,36
357,Kendal,Kondratowicz,51967093913,24,31,311,165,84049,17,56
358,Huberto,Bodill,53835612683,182,363,456,30,34672,214,12
359,Duffy,Grewar,53897813603,140,173,436,175,23937,164,37
360,Rosella,Stentiford,23542302154,283,322,374,164,59904,30,90
361,Siusan,Fawcitt,40242542817,191,58,542,178,88916,207,80
362,Kevin,Goodding,30203525505,37,111,42,110,38241,129,100
363,Brannon,Bonnett,17979292635,296,179,8,147,66118,146,30
364,Genevra,Dunsire,92098789032,201,296,18,34,81880,139,52
365,Evangelin,Cescoti,59116127690,245,114,575,55,46914,233,84
366,Guthry,Connechy,94012428827,310,301,217,94,12791,48,74
367,Shannon,Josovitz,44720085310,50,161,331,28,54162,45,57
368,Nilson,Perett,62093281635,141,78,695,175,52101,54,45
369,Rodd,Russ,67008811550,331,72,448,145,23496,203,24
370,Alissa,Lott,77294172703,17,332,600,20,76436,299,46
371,Melicent,Iannitti,26567665811,149,102,178,178,77857,144,48
372,Eadie,Gorgler,90275263055,269,285,159,84,12350,109,69
373,Clayton,Inglesant,48202736382,271,38,557,79,90544,191,64
374,Lesley,Sacher,39081173715,155,301,396,98,27290,61,14
375,Early,Herrero,93223972079,52,347,320,197,93757,180,17
376,Christiane,Markwick,41068530988,144,318,555,131,88349,234,72
377,Doralia,Rehm,50507068790,327,216,372,190,13373,264,50
378,Windham,Fonteyne,18211041567,176,12,126,38,22902,263,39
379,Yanaton,Clempton,36008930341,255,253,495,91,85996,48,93
380,Mike,Esmonde,23088863635,393,29,246,80,50373,125,57
381,Frederico,Gorden,94800911704,311,326,333,31,60268,187,70
382,Isidor,Goldfinch,94815197913,224,155,35,185,70520,111,82
383,Arni,Dureden,65201728501,166,163,350,74,36316,256,21
384,Lynde,Lishman,89234770050,281,135,255,48,42835,138,99
385,Ulberto,Rosewarne,80125741790,348,82,480,194,27401,70,92
386,Tobin,Louca,88687732632,374,389,253,33,88352,47,9
387,Dickie,De Ruggiero,80656078284,173,26,588,48,52677,195,62
388,Ofelia,Fouracres,57701272320,373,195,267,51,16349,252,89
389,Merlina,Fuggles,31818096568,328,205,102,24,87825,209,77
390,Reena,Ughini,92267695750,274,249,533,197,54752,243,74
391,Gabie,Goldman,80945252630,199,373,156,140,59629,260,14
392,Mina,Dregan,10711206911,263,142,11,68,83608,42,11
393,Ashlan,Duplock,87832414314,233,5,174,131,41267,104,54
394,Bealle,Muckley,93934376013,35,340,374,155,65706,99,18
395,Tina,Wray,89334766483,97,307,231,93,96905,209,70
396,Vallie,Merrigan,41702293091,235,326,604,185,38845,43,63
397,Saul,Hrinishin,41877988075,375,323,467,129,55050,119,62
398,Essie,Hampshire,72673226046,148,78,331,158,39336,109,35
399,Corey,Simeonov,99610940886,151,332,486,99,14792,280,75
400,Rozelle,Sangster,73169093683,266,164,500,35,47408,219,4
401,Eyde,Sheddan,86589726148,195,145,632,102,87277,172,29
402,Natividad,Spary,45446073738,376,71,250,22,91581,172,66
403,Kahlil,Ubanks,13263349867,234,86,360,134,84086,296,86
404,Doll,Bushell,24397956631,179,318,316,92,46950,129,93
405,Marya,Snawdon,24975648871,61,58,435,56,16942,56,18
406,Krystle,Bartholomaus,22058317384,190,328,233,107,33587,199,74
407,Lambert,Goodlatt,37994683261,320,21,206,17,13076,69,87
408,Andrea,Zannutti,36739777124,85,22,685,173,42749,56,63
409,Joela,Jessop,91238452156,94,99,668,170,11463,149,55
410,Juan,Broadey,66515026064,66,286,444,159,80229,89,57
411,Clint,Braxay,28535268460,85,236,661,163,87006,276,11
412,Alfi,MacGorley,54111012406,132,62,184,45,85714,254,46
413,Aldridge,Thormwell,86224501649,334,65,42,114,20747,84,73
414,Bunni,Hambright,31578198032,12,153,496,10,92576,239,10
415,Brennen,Upsale,26005707323,180,34,88,28,27418,145,80
416,Free,McArdle,85969712955,109,40,25,117,71405,24,82
417,Marijo,Ladell,46096884076,365,344,357,40,76131,101,31
418,Dionisio,Stryde,59392960258,149,168,588,65,23242,110,46
419,Skip,Driver,54438746029,211,390,67,78,69506,283,42
420,Cesare,Banes,29760133625,312,400,436,95,81060,276,21
421,Lela,Bushill,54302138303,369,328,114,11,56961,90,79
422,Monah,Swannell,84351176970,175,386,377,98,88831,69,86
423,Melvyn,Kamiyama,22448259107,152,66,360,173,36724,238,41
424,Wendeline,Mather,66294373822,31,19,369,13,34456,50,13
425,Deeann,Scotford,11289583592,259,97,44,132,12636,188,87
426,Uta,Leer,79462498403,286,70,671,52,90992,201,5
427,Amandi,Oleszcuk,30108065435,333,397,65,178,57540,290,86
428,Clementius,Beldom,90069176990,163,270,32,171,15934,90,9
429,Yettie,Trassler,30687277700,235,221,335,168,12626,68,55
430,Brnaby,Harses,59588806058,230,300,293,35,65376,271,98
431,Jared,Yeandel,40951651925,210,33,665,67,79633,196,68
432,Normy,Witchalls,67544686503,30,143,570,11,32128,167,23
433,Wynn,Greenroyd,93129150069,36,205,451,28,40191,145,81
434,Aarika,Bufton,95894827701,158,90,53,191,59877,131,2
435,Quincey,Cheer,36222830834,140,306,548,51,31285,49,19
436,Raquela,Docharty,59483339722,49,343,403,178,48323,26,82
437,Marylou,Sheere,77839836179,249,103,589,135,68316,228,76
438,Filberte,Sawrey,25213850412,331,184,229,156,65165,118,69
439,Cchaddie,Chevalier,89454849313,139,10,299,39,76022,69,87
440,Zerk,Spurway,10943608071,157,233,65,85,70247,193,94
441,Pooh,Leal,55432754441,250,30,410,63,58181,4,49
442,Octavia,Tomich,49994786770,362,59,426,12,33231,266,96
443,Tilda,Mynard,66633767498,113,343,137,81,55443,271,22
444,Haleigh,Conner,80460953025,174,186,360,89,45225,14,61
445,Cathryn,Robberts,70043575903,276,190,86,95,38355,288,84
446,Chauncey,Lomasna,52494978794,81,161,517,193,76399,45,60
447,Hoebart,Palatini,77669562902,27,269,677,72,80036,135,82
448,Janella,Callinan,98679300601,62,217,642,135,47843,118,39
449,Rodi,Stubbe,21665020697,316,285,464,165,80178,63,11
450,Pennie,MacQuist,25730177590,246,266,238,192,80560,34,89
451,Corabella,Habishaw,95403909552,6,323,54,4,63778,59,69
452,Kaycee,Hotton,28603252248,50,76,56,60,19717,39,14
453,Vyky,Pierse,28009314789,268,11,494,11,21236,83,13
454,Hector,Casey,95748887579,313,25,20,169,97127,27,84
455,Lonnie,Scoggans,52564667463,35,231,250,4,53288,265,1
456,Alika,Eyes,49040377516,337,51,634,132,77890,130,54
457,Gregorio,Currall,90687990554,44,286,695,12,53704,221,49
458,Cy,Kirkbright,79044124344,50,1,662,137,25067,159,29
459,Tansy,Turfs,35919228900,286,107,177,35,23952,90,78
460,Claudio,Avison,19448972986,153,66,116,162,85568,275,53
461,Toiboid,Breitling,72130309659,274,137,87,66,89232,119,53
462,Scarlett,Bamb,21152203977,190,329,27,144,56844,219,40
463,Kory,Beckingham,54768176115,344,41,224,103,77152,34,27
464,Shaine,Corradetti,59115594421,364,104,236,43,86751,286,97
465,Debora,Dubble,70558741977,135,207,48,40,16462,185,33
466,Tymon,Hodgen,95855237304,155,364,251,130,27071,152,23
467,Darb,Gusney,12219198802,281,120,53,72,76785,238,29
468,Freemon,Vautier,76094692115,72,273,206,125,84755,170,32
469,Lola,Cloonan,44352169137,148,171,162,144,85497,32,97
470,Cindi,Stive,10812643159,141,184,375,47,36380,73,24
471,Pietrek,O'Hallihane,66876843140,381,34,651,142,69618,227,99
472,Roderic,Thompson,51555653441,78,186,453,187,71664,121,4
473,Beryl,Barchrameev,95637076676,351,7,666,107,68736,75,61
474,Juliet,Paute,98684938690,382,143,66,154,73796,21,82
475,Kinna,Swinburn,63842258617,80,300,360,6,63258,85,50
476,Ravi,Goldberg,91655627744,36,143,162,183,76612,180,36
477,Gal,MacIntosh,75059296467,64,368,65,103,69204,297,9
478,Brear,Cosbee,71036648747,365,177,200,200,39791,59,74
479,Juieta,Cicchillo,33549001796,108,280,567,21,48991,135,44
480,Mirabella,Pound,86231127698,148,88,660,58,28925,224,73
481,Brenna,Self,33905208970,284,368,77,149,38762,114,21
482,Pen,Prendiville,14774260781,160,299,227,92,58301,173,83
483,Liv,Tallquist,12082857745,204,368,515,109,45483,102,80
484,Noll,Ewells,12471153986,259,287,356,172,61928,221,48
485,Jack,Gilbee,12257264351,297,352,224,193,96662,236,82
486,Tris,Suggett,64530307032,351,192,645,21,54422,154,90
487,Dedie,Lamar,70344815425,289,355,388,138,98794,279,78
488,Seamus,Scarasbrick,72657261780,384,186,330,136,20976,72,49
489,Trumaine,Branston,36277681776,127,80,616,162,47540,245,52
490,Rocky,Keniwell,91503725494,215,235,224,19,83282,211,2
491,Vladamir,Ollander,89502316698,255,385,279,77,51090,112,5
492,Isaiah,Reburn,35318900300,294,131,112,173,14399,220,46
493,Nadiya,Lincoln,51855055227,125,152,44,108,95645,84,51
494,Nathanial,Yegorkov,86459253692,270,67,201,200,64690,11,36
495,Shalne,Eilers,29363663861,242,113,363,115,37346,60,71
496,Ruby,McWhan,24500943208,338,184,265,15,96205,170,28
497,Aili,Joskowicz,86041005191,259,321,459,5,88488,265,6
498,Karna,Bohea,12447276919,267,371,512,25,40570,128,14
499,Clemens,Cornner,36040969573,198,2,608,99,49318,297,56
500,Nico,Stangoe,77667364882,29,282,279,115,63510,271,65
501,Nicol,Fowden,66066753525,311,314,585,34,62793,221,43
502,Jamie,Newrick,15964161038,323,92,486,182,16440,177,38
503,Nisse,Brunker,10401071981,172,147,595,75,95767,159,2
504,Quinn,Feak,74784298011,250,98,662,196,14680,56,68
505,Sasha,Klos,76639798942,95,335,3,54,94875,126,22
506,Arnie,Downse,10924040041,222,156,44,11,72083,258,39
507,Nerte,Nethercott,26936661704,257,244,35,17,48645,182,60
508,Berkeley,Arman,37313574263,202,298,333,23,86848,197,98
509,Felicia,Yeaman,14282118793,177,372,662,93,78988,289,83
510,Alexine,Leyban,16166880865,81,152,569,180,64072,68,48
511,Vasili,Chaffer,15232692189,319,298,411,119,15780,292,68
512,Ninnette,Noblet,79537529211,135,290,281,68,53076,17,1
513,Warde,Prinett,98596888551,269,209,442,166,86816,85,70
514,Deerdre,Girogetti,12135687787,274,193,106,199,91550,97,55
515,Koralle,Laxston,22013550292,73,364,53,20,79622,220,11
516,Rori,Lewsey,65981398393,14,72,531,82,59139,191,65
517,Lynette,Dominico,31559813252,216,363,494,160,19825,65,91
518,Reinold,Woodard,59402674846,303,32,503,79,81915,122,79
519,Sharleen,Bellocht,19690187400,139,106,149,118,11579,74,9
520,Brenden,Edgley,11742564771,292,356,685,176,48853,68,90
521,Tybie,Bartlett,29864257728,392,367,542,18,79060,119,100
522,Denyse,Rhodus,31017449763,251,167,185,75,37642,55,11
523,Keith,Jefferson,26521669358,369,390,290,129,97865,234,87
524,Rozanne,Jacks,16392412063,155,126,257,181,38751,278,5
525,Nanny,Gracewood,20728809573,65,109,234,135,43190,131,77
526,Cassandra,Fishburn,22651941101,140,356,665,6,74956,205,56
527,Georgine,Letertre,32621411928,247,37,104,9,43057,281,96
528,Curran,Libbey,27277831700,59,180,130,136,67655,124,57
529,Merci,Mapstone,90030522173,92,135,207,178,67397,251,49
530,Melesa,Wincer,53214668399,235,256,70,135,88380,280,8
531,Lalo,Padillo,53331657081,358,330,310,63,30842,229,25
532,Ossie,Yoslowitz,37460403099,46,228,101,105,67306,136,60
533,Donella,Proschke,95474431294,376,285,217,187,19103,43,70
534,Laurena,Lindstrom,49088249165,94,143,684,21,91761,120,3
535,Elias,O'Cuddie,31058142066,188,144,504,63,30637,250,55
536,Bronnie,Varcoe,11903319984,136,220,289,132,43849,146,67
537,Isidro,Morecombe,89532245861,40,351,249,16,80867,184,9
538,Herman,Zebedee,90309332965,324,316,637,121,49086,162,58
539,Ozzy,Wines,48143969375,305,291,126,52,72208,146,23
540,Chen,Dottrell,41391732889,116,111,70,190,80792,96,6
541,Elisabeth,Dederich,70493228218,77,239,490,1,48149,102,43
542,Ebeneser,Garken,70739661024,115,161,208,19,34612,10,24
543,Bonny,Gozzard,17261457076,54,263,310,190,88653,186,45
544,Caresse,McCard,37215650700,358,145,509,72,67703,251,3
545,Vin,McWaters,84487792586,381,393,514,12,84863,65,24
546,Bengt,Stroud,76396617523,71,192,449,76,84684,225,8
547,Olav,Cahalin,79794600225,227,165,383,10,50309,49,95
548,Artemis,Tricker,95556975042,43,146,671,162,49895,4,40
549,Rafael,Cavee,34409680339,80,148,339,160,59759,106,15
550,Gretel,Huton,63791432619,124,240,157,68,12561,276,45
551,Fred,Gamell,47779956513,374,159,635,171,51038,137,38
552,Tracey,Rowbury,73000270612,315,232,105,71,60522,38,53
553,Kari,Dowdney,32813056389,73,304,533,138,94957,142,87
554,Kip,Lindegard,60853759921,155,103,316,137,46781,16,10
555,Coreen,Stuck,99528370063,73,29,335,156,36261,156,69
556,Marcello,Airlie,31335024250,201,241,419,91,29111,62,5
557,Nefen,Godart,61420000030,110,297,370,138,79230,297,39
558,Barnabas,Rottery,41151729742,229,167,420,130,91251,167,85
559,Betteanne,Snoad,28703872677,78,334,598,120,29765,270,26
560,Wainwright,Ridley,55230831995,370,282,621,164,36206,8,89
561,Alec,Leverette,20898262409,95,101,499,2,44755,234,23
562,Stephie,Bilbrook,73954614281,22,55,86,108,14515,285,9
563,Carolina,Cathrall,17127147457,371,5,610,10,11230,120,55
564,Kalina,Hawkshaw,40462411774,110,248,206,137,55159,114,94
565,Brigida,Joscelin,35124967057,223,55,655,70,29176,231,66
566,Nerty,Hobbert,66956606146,230,190,242,19,19271,153,99
567,Nathalia,Jiri,84189053094,343,286,682,55,11397,133,66
568,Gipsy,Burdge,88286118789,362,381,372,97,40618,136,81
569,Jose,Astall,52027444459,341,283,238,135,77937,167,39
570,Allard,Nickoles,93291297630,204,316,256,26,87488,215,81
571,Alastair,Soall,44221102502,306,136,330,131,51294,153,69
572,Godwin,Boughton,57511322143,296,368,679,129,54574,243,30
573,Jaquelin,Bank,58037694713,214,236,351,67,14973,171,64
574,Aliza,Frantz,71175271149,6,223,256,174,89607,248,83
575,Flore,Blackledge,24473430633,366,319,558,20,69464,151,56
576,Laurel,Rivaland,43007432876,379,53,556,187,41098,289,38
577,Randene,Rounsefull,82141781045,332,93,397,62,76354,151,28
578,Matti,Kinsman,30074508157,64,350,486,110,32472,216,7
579,Barbey,Clarae,27851294588,22,217,561,136,47569,29,56
580,Belita,Hullot,30510815530,214,369,164,74,75529,11,7
581,Marcus,Trevear,62097760424,151,17,523,166,18890,198,34
582,Boy,Segeswoeth,35336958218,383,193,171,7,19858,75,71
583,Dodi,Eggleston,90181980770,352,52,419,158,29199,272,85
584,Cassy,Casiero,24792770606,293,69,438,67,52919,292,16
585,Inger,Minghi,97142687126,211,200,95,67,45648,124,99
586,Niven,Bigland,23496648336,27,231,598,139,29600,191,59
587,Jay,Savin,74763159959,58,260,210,64,65036,292,10
588,Read,Negri,78822717590,46,195,551,134,25361,88,69
589,Ki,Cullivan,26428060579,243,151,610,143,63053,286,26
590,Grove,Paggitt,69554688209,353,389,661,18,31298,53,21
591,Imelda,Soda,91171083731,7,83,399,69,19357,243,88
592,Charlene,Cahan,17282623497,377,142,49,199,75155,236,53
593,Regine,Collister,95792810090,83,385,151,76,78636,262,72
594,Dalis,Carletti,99574935116,341,263,45,106,50606,44,67
595,Thalia,Skudder,91850569595,242,60,334,53,73839,179,58
596,Hercule,Hallard,49717625572,191,93,116,2,32556,88,44
597,Ardeen,MacCumiskey,75082133534,128,106,665,68,89334,89,4
598,Toddy,Buggs,87471422935,335,46,665,9,38479,82,69
599,Seward,Jeness,17902239382,102,296,46,76,64062,102,1
600,Toddy,Rosendale,74624066251,242,332,68,25,84735,201,14
601,Hayyim,While,51859258963,107,329,63,37,32089,187,99
602,Judd,Wimpenny,20228751640,292,100,692,109,38256,83,72
603,Florian,Lloyd-Williams,33114062855,274,14,372,31,19185,87,81
604,Shaw,Cleatherow,60887668919,348,328,161,146,80298,198,39
605,Florina,Ghirigori,39442144317,28,306,76,183,32665,188,41
606,Alden,Balnaves,90615810854,354,345,297,14,93840,94,82
607,Horton,Parks,22810217064,386,206,288,84,91436,246,19
608,Molli,Tyas,31627157795,67,153,459,6,14713,96,34
609,Olia,Ashard,30107984878,191,10,222,146,17354,178,100
610,Berty,Haslen,14813286398,24,97,332,47,19328,89,69
611,Trent,O'Mullaney,22451591794,18,264,450,10,48866,274,87
612,Shoshana,Alton,89183114848,301,137,698,18,69204,84,44
613,Tomi,Deporte,49442106925,117,224,69,62,47829,281,69
614,Vernon,Heeron,10732675098,77,211,642,181,19379,48,6
615,Diannne,Darkin,26918969753,83,147,684,64,89982,286,71
616,Mabelle,Cunio,75493485900,333,62,255,12,58342,205,49
617,Trstram,Greeveson,34593167390,174,139,297,174,33844,292,83
618,Quinton,Courtney,14072549051,349,185,489,148,64820,135,68
619,Lalo,McGriffin,20879494060,142,265,404,94,97068,120,65
620,Georgie,Dewar,97648890550,19,40,646,15,90717,242,42
621,Tyne,Jaine,25229516313,217,397,437,21,31703,23,68
622,Randi,Howlett,56806537347,385,351,53,141,14188,47,70
623,Shayna,Jewitt,55854299470,269,20,242,15,86550,154,5
624,Tiphani,Caris,10045100213,167,126,57,2,88704,125,44
625,Leisha,Goulborn,85015358727,360,323,39,79,84883,8,36
626,Rubin,McKain,99923830119,290,134,40,30,86316,251,98
627,Stephen,Dumphy,29625206158,169,394,121,22,89604,62,12
628,Layla,Cleynman,36798556471,157,50,308,18,36262,216,56
629,Elga,Senn,19340264284,119,63,34,71,49241,199,27
630,Vannie,Ellings,98823625134,257,264,17,59,48734,233,14
631,Gaspard,Mibourne,80537022764,296,236,13,143,54431,64,21
632,Drew,Gilling,64910267177,283,360,567,106,36942,161,83
633,Hernando,Armsden,71709534716,370,222,105,111,13657,229,47
634,Coral,Hizir,47652497757,131,278,47,63,27748,6,29
635,Gayla,Finneran,24610118429,113,6,1,167,34898,88,36
636,Ynez,Falconer-Taylor,44471793692,355,400,547,53,53610,193,59
637,Hannah,Zannolli,40210501775,338,64,488,82,53561,20,11
638,Nikki,McGown,68119823171,166,35,112,63,24947,144,50
639,Toma,Charity,23558809849,41,127,266,112,21934,119,12
640,Jeffrey,Grishelyov,17487320050,262,180,682,195,46004,254,67
641,Forster,Puden,95133770978,256,102,221,82,77335,81,68
642,Marris,Heaviside,55346612414,138,42,187,30,21833,108,1
643,Timothy,Jina,57381313137,377,233,446,45,12572,107,64
644,Berthe,Piller,77835512734,90,140,541,43,24111,194,5
645,Darcie,MacAne,13494131598,353,179,294,97,11842,269,42
646,Nichole,Locket,35412327412,153,394,536,174,76997,30,25
647,Moise,Kinglake,95738574619,107,3,475,70,44488,195,53
648,Cassandry,Rantoull,25241687488,330,256,70,124,13918,167,81
649,Stinky,Assante,40243401187,76,310,257,15,99652,251,35
650,Andreas,Girt,53675856710,173,65,605,96,67909,104,65
651,Alexina,Ogan,26878130787,110,147,645,105,88859,263,56
652,Cassey,Shall,38363209882,30,332,204,79,29612,129,13
653,Shurlock,Maddick,58875811983,87,289,131,189,68140,91,47
654,Linnie,Maundrell,26182103925,28,122,652,194,55677,100,7
655,Erick,Gauson,79401313074,45,277,279,169,84235,204,63
656,Kali,Deighton,85894830935,62,388,551,25,56898,168,89
657,Harmon,Stigell,82025555901,218,300,499,177,35811,161,61
658,Godart,Retallick,96682605362,213,337,277,160,78408,297,49
659,Dickie,Brackley,46006744533,115,160,413,103,97842,83,58
660,Neilla,Tupie,88227102755,373,18,66,130,61227,51,33
661,Corabella,Eastes,74164421016,130,192,673,82,93613,19,19
662,Ninette,Pybworth,45721310249,129,290,583,66,85061,167,9
663,Carmen,Humber,76260149107,227,194,48,110,27552,218,19
664,Horatia,Danielczyk,72253035613,221,158,153,95,49564,89,60
665,Helge,Stegers,28106673278,52,34,139,174,20595,55,76
666,Melody,Ponter,22108295016,14,273,672,8,70845,243,38
667,Jeremy,Scafe,82876132226,296,213,677,35,37013,249,21
668,Glenine,O'Doghesty,23153572374,38,394,248,115,51571,231,10
669,Heath,Butten,12945677400,232,152,467,67,20653,42,41
670,Karalynn,Machen,38923679571,82,349,368,122,76848,182,10
671,Maryjo,Junifer,63087344237,386,317,481,40,41970,123,55
672,Rad,Dobbings,55223586676,183,235,694,165,71904,195,16
673,Paten,Lampel,44036479696,231,277,49,4,92898,56,76
674,Margie,Cleveley,70476893755,23,183,43,65,42928,123,71
675,Vite,Ring,49177491576,367,44,231,139,17409,131,35
676,Sigfrid,Tinton,23537642299,197,62,49,123,38962,96,60
677,Emelen,Mountcastle,76118271856,66,237,50,144,20025,294,38
678,Ambur,Ramey,40707715854,237,351,161,193,11197,257,23
679,Stephani,Foystone,75996182700,299,10,577,43,20136,197,91
680,Lindon,Bridges,71313369934,309,137,259,75,64550,285,7
681,Allx,Alliot,54068803276,361,315,577,181,23608,29,11
682,Brigitte,Casetti,66033411480,333,101,214,86,14002,211,33
683,Debbie,Metterick,51255642412,147,195,42,47,12087,265,2
684,Lindon,Dore,12156177367,212,199,435,3,53423,26,71
685,York,Pursey,73321219381,89,201,239,153,60201,151,86
686,Anita,Tatem,39726985151,380,80,86,80,21650,96,25
687,Koressa,Boundey,74947482365,270,263,515,69,71679,25,12
688,Jarvis,Siddele,91364752794,138,63,633,141,99279,165,67
689,Babbie,McKew,55783197418,176,338,632,151,48236,228,11
690,Mehetabel,Tracey,97866323023,370,36,308,188,34999,38,37
691,Heida,Joppich,14924966491,79,289,339,27,36904,252,2
692,Emylee,Gallymore,98906457693,355,164,613,8,29809,150,63
693,Maximilian,Hairsnape,12082118956,355,296,190,88,60279,198,59
694,Fran,Duffy,21977215711,250,383,378,103,35368,60,71
695,Gaile,Sevier,75739723339,348,53,48,21,43305,75,52
696,Ramsay,Gilffillan,85673213749,109,334,646,196,80022,70,24
697,Kaylee,Berrygun,15929934766,114,341,645,165,78673,121,40
698,Leeland,Donovin,88384794169,201,367,638,62,91458,267,52
699,Bert,Shearme,55790789567,4,370,409,186,94939,127,72
700,Patrice,Mouncher,73738973194,343,195,46,38,20286,220,27
701,Libby,Ilyinski,21131527364,394,263,547,17,28634,158,43
702,Beale,Rennenbach,26119334541,173,334,358,32,95196,198,15
703,Lannie,Dyka,45096246892,339,321,229,183,78677,5,59
704,Harriette,Ledger,36925579122,400,264,123,70,90374,220,24
705,Kippy,Meriguet,65923932240,25,172,536,188,19559,9,38
706,Jessie,Livard,11684181556,306,305,629,18,19308,188,37
707,Marcel,Smith,92746006321,288,89,227,98,34641,137,25
708,Onida,Ventom,24933834378,134,187,343,34,51519,190,16
709,Dorian,Rainey,43554342435,218,177,379,115,93491,90,47
710,Allyn,Adamik,46031081561,176,238,462,48,98370,77,90
711,Davey,Bielfeld,96925730637,176,399,617,87,39948,205,62
712,Jeanelle,Matteoni,34498968293,16,348,423,187,48320,224,100
713,Friedrich,Thursby,67764938919,40,374,200,116,57982,250,30
714,Lee,Curtis,84211101897,47,178,255,38,19467,83,36
715,Winnah,Dullingham,43038856598,200,270,613,13,51056,287,9
716,Lanni,Mereweather,35415287794,368,204,521,99,11742,73,14
717,Lorenzo,Mordin,46175584530,239,265,405,38,93835,288,82
718,Adore,Lambshine,43484513339,367,315,627,152,59593,232,18
719,Kris,Sapshed,39177451795,387,387,593,71,81611,30,11
720,Andros,Bradwell,78169570485,195,85,350,195,42802,115,20
721,David,Godier,78252466235,284,199,492,52,17823,223,51
722,Audrie,Pease,16345953783,128,399,82,95,64475,67,93
723,Renell,Attwooll,59484668999,127,64,599,135,81322,258,43
724,Dorolice,Klemz,12090297480,236,62,423,164,97087,263,12
725,Stacia,Tiffney,58438255660,371,271,68,17,34547,275,78
726,Eugine,Ornils,40238978451,48,324,454,156,38972,106,80
727,Netti,Dowzell,57935551232,323,271,255,131,11614,226,96
728,Grant,Baudic,97666366120,270,141,234,65,74235,115,69
729,Mariette,Burress,85206691492,165,355,382,129,58983,125,4
730,Lexie,Lavielle,92350880990,207,61,298,42,48434,286,53
731,Lainey,Bode,32548261887,260,15,47,146,75025,154,43
732,Aurel,Gilbert,25517555456,350,341,608,56,86152,105,72
733,Spenser,Hew,36959813061,359,372,585,1,34593,60,39
734,Arnoldo,Clissell,34753216211,254,282,20,120,58118,196,84
735,Heywood,Battin,44595410687,74,320,365,195,94562,67,53
736,Tades,Kinworthy,38219628269,69,104,337,17,76763,69,74
737,Chauncey,Hysom,13315359346,275,265,663,111,23234,51,66
738,Forbes,Garnson,81489880829,221,288,692,28,32202,68,36
739,Ebonee,Mabon,48724947456,113,334,442,82,28754,209,39
740,Darwin,Freeborn,68395539359,141,51,218,71,99792,265,22
741,Sallee,Bestar,55370163035,367,259,160,101,61079,244,3
742,Quentin,Stockford,17675602549,265,129,169,23,74968,174,68
743,Twyla,Hansel,22854829555,110,71,220,191,43901,39,89
744,Yvon,Giurio,68092542730,201,65,448,98,15651,184,9
745,Daveta,Slixby,86437771804,14,37,593,70,88142,28,54
746,Dara,Yeats,89057594543,385,179,377,151,23622,259,36
747,Florry,Domenichelli,49378019192,327,49,276,144,82220,248,63
748,Perry,Alexandrou,22401478329,118,212,22,43,54711,169,95
749,Garvey,Tremellier,49070073851,211,400,571,179,14258,177,89
750,Marvin,Cuell,40124305323,280,305,317,40,31540,132,33
751,Rorie,Shorthouse,80307764010,287,367,673,191,59482,3,8
752,Etheline,Denkin,14545072090,226,260,537,199,29650,39,42
753,Cointon,Blencoe,31061280999,263,290,23,95,27629,179,35
754,Cathryn,Burroughes,52274409546,33,346,13,154,99670,218,15
755,Giraud,Abrahim,32546634000,398,323,481,65,45605,221,24
756,Kai,Nowak,65872088774,75,227,298,140,62470,164,72
757,Taber,MacConnulty,64566653456,72,296,224,182,12395,68,91
758,Marge,Meryett,77182049445,164,63,27,97,91008,64,70
759,Aaren,Mucillo,47101560764,185,54,125,165,61006,60,85
760,Kathie,Lumsdon,37414171701,317,155,194,118,28127,260,78
761,Graehme,Healey,48742991150,105,128,234,126,58495,226,27
762,Gib,Peverell,72440821130,129,379,74,58,60473,20,38
763,Henrik,Jopke,78914029635,258,207,26,154,78622,185,46
764,Emelyne,Stannus,11552749250,224,363,257,17,17259,212,72
765,Raychel,Kingsworth,14719901914,279,307,218,6,36126,57,66
766,Morgen,Fatkin,48096613675,301,169,265,182,48541,209,71
767,Karoly,Heighway,94038869571,98,66,478,45,24024,255,40
768,Ambrose,Gurnee,29275493512,99,228,594,12,31780,210,51
769,Ermengarde,Wellbelove,45849259955,293,312,448,100,26155,140,41
770,Appolonia,Fateley,46186544970,279,353,135,89,92539,176,36
771,Beverlie,Scaife,70548480091,391,171,591,161,90807,192,26
772,Edmund,Menghi,93649534699,383,337,533,137,11989,36,81
773,Leupold,Blanque,43214796770,389,381,210,107,91947,166,81
774,Isaiah,Prigg,52239203019,330,229,692,95,87333,20,5
775,Cyrille,Dever,18925200741,8,55,572,77,87222,52,100
776,Keene,MacCaull,51440945087,9,66,556,88,86168,40,23
777,Amerigo,Yakovitch,80418119303,313,3,250,131,55934,41,92
778,Stern,Stapleton,10902947995,26,135,457,162,89250,151,75
779,Urson,Mary,97506600977,341,383,535,1,35170,44,64
780,Tina,Somers,98617785797,240,178,19,185,23481,193,84
781,Mikey,Valens-Smith,57515036676,396,268,477,56,41229,273,29
782,Cami,Doyle,24904551200,201,151,127,54,80717,77,38
783,Penelopa,Olsson,69471233164,17,355,65,41,22075,283,17
784,Chase,McKendry,59330164294,310,294,353,13,35414,224,81
785,Tobye,Munnion,87908593230,156,142,616,147,46223,6,52
786,Michael,Johnsee,25400121786,163,382,553,59,90290,128,64
787,Deirdre,Avraam,17388154660,105,262,330,177,62953,84,3
788,Kelby,MacSweeney,73040760995,298,186,117,157,45298,102,64
789,Ethyl,Handling,91067458975,172,347,495,118,50623,111,67
790,Lonny,Joules,44254929206,108,384,240,5,27300,111,63
791,Theodore,Tracey,54668542192,181,317,45,116,66797,151,63
792,Rey,Eeles,11298758096,96,153,663,159,45324,42,69
793,Henrie,Chalkly,18685385897,293,152,214,118,70286,276,45
794,Garnet,Koschke,69764965461,142,91,158,26,71050,209,23
795,Ellie,Tees,26567903128,112,296,401,195,35319,29,75
796,Lucinda,Mollen,33556064706,369,90,417,112,83321,289,87
797,Rana,O'Corrane,89591813332,349,11,351,53,90811,267,51
798,Britte,Grigoliis,85597371728,281,198,217,165,93738,19,21
799,Brennen,Circuit,50546322233,292,289,92,67,44515,139,65
800,Pauline,Ghioni,21931607879,12,220,286,71,38079,155,16
801,Granger,Tappor,30992705092,180,321,375,94,17462,103,92
802,Penelopa,Cullotey,22122038299,294,155,615,119,78196,145,54
803,Cornela,Shakelady,69033900218,185,322,76,50,53951,100,35
804,Yorker,Shields,44427249601,86,121,606,13,53074,107,59
805,Phillipe,Hethron,30484828596,8,221,525,136,20235,154,32
806,Rubia,Redmore,53565168886,399,388,578,165,45556,43,67
807,Blondelle,Cheshir,53520296980,307,393,468,2,22815,269,6
808,Hillyer,Lenoir,14148756565,343,378,501,182,69814,165,35
809,Elfreda,Sancroft,26917203678,389,269,355,85,96675,261,38
810,Cozmo,Farmer,63086189889,323,348,541,27,41930,276,49
811,Clement,Mager,36179528356,314,202,2,158,21701,1,12
812,Clim,Vautier,43781832502,59,23,567,180,32330,34,70
813,Caldwell,Dicken,46634228552,158,225,132,109,19312,40,56
814,Peggy,Parrett,95627466112,105,12,14,5,83184,203,10
815,Clair,Rofe,97563182485,308,288,84,25,99198,120,52
816,Kariotta,Coate,10911859815,363,329,9,68,81971,151,62
817,Reinaldos,Kleinsmuntz,60701140668,22,127,257,135,89233,147,49
818,Wang,Edworthy,44458806112,297,77,515,47,36905,169,82
819,Nonna,Gierck,33780271175,158,46,677,40,40677,246,13
820,Ursa,Trudgeon,98601496357,241,164,39,133,17342,186,75
821,Carena,Dargan,23400485107,125,203,619,4,94645,166,87
822,Torey,Reijmers,89650372467,44,191,647,91,96426,38,79
823,Tildi,Pitcaithley,15501061783,36,243,190,107,35979,166,30
824,Moyra,Casone,26730302620,248,55,375,160,90804,84,16
825,Had,Sneden,11870524383,313,295,80,193,57976,116,47
826,Sophi,Caulliere,65561174815,156,292,367,7,86352,190,54
827,Marlon,Fahrenbach,16777909600,138,338,601,171,92706,3,10
828,Rafi,Warlow,60524950562,335,2,174,157,39972,230,10
829,Kelley,Chart,77900055979,210,17,55,190,25150,125,64
830,Tuck,Vasilischev,77442232813,169,311,101,13,11584,75,81
831,Lawton,Marcombe,51834429780,400,286,71,80,81341,157,63
832,Valeda,Simkin,93553452307,94,311,625,149,91691,209,94
833,Burgess,Butterly,50680259216,49,254,676,108,49430,214,28
834,Ainsley,Ayree,23696281864,180,116,119,96,77093,11,66
835,Miof mela,Barnsdale,41035323617,50,101,567,138,13160,205,62
836,Isabel,Clewarth,91199296301,120,257,694,70,41490,214,8
837,Corny,Waiton,90747733541,253,63,127,181,55583,270,59
838,Winston,Dewire,81352327550,282,162,449,17,58640,38,39
839,Norbie,Stoeck,21190618960,361,190,339,67,88130,137,79
840,Mallory,Winnett,54967917475,8,142,659,199,12227,104,38
841,Katinka,Robertot,44938996830,16,121,392,92,48758,179,60
842,Gerry,Paddell,88152742851,115,79,361,171,16351,43,45
843,Emalee,Antonijevic,24077540139,104,392,344,132,91200,99,7
844,Sarge,Gorwood,53209067931,387,209,493,103,54782,44,15
845,Sheppard,Gordon-Giles,57982740545,66,223,29,20,12871,47,79
846,Catlee,Morby,96569660397,207,336,630,87,22611,216,30
847,Glenda,O'Kynsillaghe,81635746027,334,48,556,174,53310,159,55
848,Merell,Ballay,45322456369,234,316,123,31,45716,142,62
849,Ariella,Baukham,37855074204,150,327,315,169,32832,211,98
850,Hattie,Vinecombe,59729449743,49,326,430,73,48732,55,2
851,Ronny,Mattin,37360270947,280,215,689,71,96992,113,42
852,Sherie,Humbee,93756335699,104,206,124,98,46314,259,92
853,Sebastian,Willmott,43379551331,163,195,605,81,50167,55,89
854,Travers,Jans,44196764440,238,91,315,93,96102,254,30
855,Jarrid,Courage,76019106916,247,74,626,67,40309,14,36
856,Bettina,Caffery,56158667876,116,186,661,58,41474,26,11
857,Roberta,Pontain,67492383130,234,320,175,80,54802,167,77
858,Jocelyn,Craigie,33242173149,198,394,506,117,11556,25,39
859,Tanya,Kunkel,34778275393,309,354,25,38,94146,191,8
860,Wood,Cometti,45125970945,252,343,90,127,34223,1,4
861,Rolando,Waistell,52377754707,388,321,409,56,84569,206,90
862,Thurston,Togher,46187661156,245,255,140,41,78364,87,61
863,Foss,Sartain,41867579820,110,345,137,113,33088,14,97
864,Cari,Pawelek,55172123216,244,73,408,2,74982,82,26
865,Westbrooke,Velte,40702576497,308,385,621,112,47612,15,43
866,Mic,Tomaselli,43614991650,312,343,566,109,48437,140,36
867,Catherin,Cupper,62141703584,369,138,696,75,44373,136,75
868,Ulric,Johantges,40779077603,75,198,520,68,69958,282,82
869,Royal,Maffia,26212988590,36,5,119,140,15688,172,52
870,Carly,Giacomuzzo,24123838308,300,28,209,7,31490,219,6
871,Dona,Gligorijevic,38182825124,281,53,672,164,97469,3,96
872,Val,Trenouth,46004279434,61,115,368,102,40195,79,39
873,Birdie,Cure,28963419388,181,334,271,58,37542,195,35
874,Johann,Skacel,14336061181,48,147,45,103,66323,181,39
875,Minna,Charsley,25291673308,207,8,89,146,95559,15,62
876,Ozzie,Bewfield,41605443781,58,13,696,64,51929,114,89
877,Gavrielle,Prendiville,99237255600,263,140,278,152,71269,81,12
878,Halsey,Kindon,13065107916,226,104,26,54,78532,175,71
879,Marice,Bounds,91602008829,267,152,249,53,44879,86,20
880,Madelle,Bartos,46934798915,93,335,345,66,35671,249,8
881,Rube,Dow,94617521141,318,34,697,6,99027,255,39
882,Kendall,Hamsson,58923141872,116,267,627,190,92204,240,32
883,Cindy,Garrioch,61978231019,107,315,464,53,99761,167,84
884,Felike,Luesley,33782658279,73,10,292,95,28765,286,28
885,Elene,Frogley,24597884451,328,341,23,89,48793,142,34
886,Tibold,Blanket,27665546302,196,118,365,64,41950,268,42
887,Andie,Gasticke,93764400264,332,119,187,103,37483,226,49
888,Lothaire,Gaskamp,86540585402,321,166,341,181,38911,222,47
889,Griffin,Hanlin,68493012535,386,54,463,84,20136,188,16
890,Harwell,Houndesome,41615569315,238,89,639,69,25571,165,25
891,Easter,Jouanny,27259773753,336,84,519,25,55845,26,6
892,Bird,O'Kielt,41011161966,340,184,80,55,95591,165,26
893,Saxon,Cleaton,51010733176,165,148,603,17,81311,178,65
894,Roberta,Dugald,83594894081,164,147,330,62,16409,75,80
895,Cookie,Rettie,41929048824,308,127,530,82,79194,204,20
896,Gabriell,Stark,13413844313,183,67,432,161,14917,84,79
897,Ruby,Morlon,78091218226,279,17,634,143,19155,201,26
898,Vivi,Nand,90554898959,55,46,633,154,72533,190,24
899,Ofelia,Blencowe,96633897068,255,277,558,141,51338,51,41
900,Loren,Spridgen,52204806729,29,177,431,79,61401,91,15
901,Joli,Arthan,65654286803,328,297,631,112,87931,247,66
902,Jim,Sprigg,20772520704,279,156,427,12,60015,202,59
903,Moore,Lorimer,20362381849,292,169,372,131,72742,175,25
904,Elroy,Gabites,89796470849,98,297,665,16,73878,253,28
905,Amii,Hyam,16191158317,177,379,630,148,43072,109,50
906,Tiffani,Joderli,77263408169,130,133,541,117,71576,113,66
907,Mahalia,Dymott,31060409383,59,322,485,82,16759,119,4
908,Gerardo,Morphey,40830890969,109,134,99,97,17776,148,80
909,Laney,Cuniffe,31503137336,123,68,67,18,24632,72,94
910,Rafaello,Astman,63520686186,45,152,290,153,74836,3,94
911,Vonni,McTrustey,77630902433,69,156,155,55,15441,12,88
912,Rosalind,Crawford,97999477414,241,398,352,85,64713,280,43
913,Elaina,Edlington,34713324595,8,241,82,145,83403,160,40
914,Gerrard,Cummings,24840997064,33,107,371,89,55594,106,88
915,Margery,Fontell,73720370680,266,161,321,130,69077,11,26
916,Cad,Speakman,95097233517,130,197,476,74,24508,62,49
917,Ameline,Laydel,97783827623,60,197,42,102,52944,252,69
918,Prince,Grierson,66089882116,64,210,497,190,42421,133,25
919,Fionnula,Fagge,87611262828,363,33,532,149,88425,129,8
920,Vinny,Lockton,44406691386,333,82,483,170,44746,52,59
921,Randal,Meredyth,27679228937,201,264,114,15,59494,68,91
922,Niki,Braiden,64773906018,290,7,267,91,99307,103,56
923,Leah,Tretter,41006224114,395,286,161,102,44290,197,92
924,Malissia,Sixsmith,85214836346,179,308,334,71,64891,148,42
925,Ario,Masse,67978952503,134,63,217,180,87510,182,98
926,Marleen,Klageman,62061039397,250,222,345,1,93789,46,5
927,Berget,Foote,47505552584,69,372,408,71,78435,89,58
928,Esmeralda,Schrader,50750769638,32,301,24,91,86713,115,98
929,Clare,Denley,11701471864,190,274,227,163,28239,2,95
930,Tammy,Kleinsinger,46166361783,264,299,197,79,12602,3,20
931,Percival,Martinson,19536053428,274,388,284,29,36803,300,15
932,Morgan,Benazet,55000514788,239,237,25,154,79483,11,76
933,Ketty,Grenville,39558300257,363,7,108,131,95916,250,94
934,Jozef,Armistead,59005097345,31,121,524,89,53364,31,32
935,Sven,Moody,57257510796,33,172,377,75,36358,70,5
936,Bonnee,Broadstock,56488779133,42,128,604,33,68088,118,49
937,Mano,Kubacki,89383553000,18,246,337,1,35298,33,98
938,Aryn,O'Drought,66529291419,193,8,394,50,36467,63,28
939,Olga,Marcussen,39412239401,15,124,175,155,36808,300,76
940,Cord,Custed,63563124781,211,281,592,159,94987,194,4
941,Free,Clawley,47999283294,286,112,121,147,34590,82,86
942,Lezley,Waadenburg,19657986289,134,248,135,184,89652,285,10
943,Burtie,Parfitt,65212534098,380,191,665,90,80310,296,94
944,Raynell,Urquhart,63159844938,8,71,526,98,92935,226,25
945,Prudy,Noot,38114825251,189,355,625,141,84966,191,69
946,Elvera,Guymer,61676927240,363,271,602,197,27497,257,42
947,Abram,Chard,54190755251,371,396,577,1,55252,129,2
948,Abbott,De Vaan,81877383471,39,88,421,175,60969,105,1
949,Piper,Gatiss,78088153902,170,263,410,170,46594,159,13
950,Liane,Catterall,61554739504,16,195,427,84,27178,81,5
951,Austine,McClaughlin,92388901153,197,309,395,88,78609,247,14
952,Cathee,Coltart,57763825017,335,64,571,42,93168,202,28
953,Erny,Eshelby,62761683178,120,321,463,194,93704,88,68
954,Joey,Dobbyn,13364161674,83,232,533,106,54680,149,59
955,Con,Quaintance,70172156331,267,180,89,95,82701,139,89
956,Courtnay,Kitchingman,77582341467,342,376,174,80,70328,136,72
957,Randolph,Rodie,94322574135,279,198,466,27,85048,27,93
958,Hannis,Kettoe,76407643546,3,307,189,25,57765,192,89
959,Daphna,Girardetti,57747266824,79,188,109,37,63921,131,14
960,Honey,Boucher,85926095582,363,261,269,15,56066,263,75
961,Brinna,Lehrian,63999243010,52,269,138,103,23804,34,8
962,Estell,Shires,28251012425,302,345,649,56,72091,163,32
963,Buddie,Leggatt,60646364879,13,138,115,79,57315,283,26
964,Hadleigh,Grimbleby,81514783352,231,287,427,31,17877,94,28
965,Eugenius,Kneale,22211351200,226,353,604,139,99961,48,51
966,Florinda,Ledford,33645461426,394,38,620,16,42239,43,22
967,Chryste,Mottley,53968370747,297,368,692,46,31361,87,37
968,Neal,Rainville,31972857617,57,129,175,189,18254,278,55
969,Vitia,Minor,69708761155,34,184,103,190,43507,2,84
970,Drud,Constanza,91109446451,136,86,444,7,81814,81,30
971,Baxie,Goldis,52183373906,19,62,87,191,40487,88,96
972,Muffin,Fitzsimons,11384430321,135,40,78,103,87851,250,7
973,Maisey,Garroway,87759515775,168,62,274,124,32554,104,4
974,Wait,Fellow,97305046774,388,242,689,137,61948,113,90
975,Giustino,Habbert,24890654259,293,357,137,26,52861,132,82
976,Mahmoud,Fresson,27057247843,189,115,607,76,59402,55,15
977,Jayme,Toffano,63177821895,130,146,676,60,26180,254,64
978,Ethelda,Pyford,29075574462,5,388,433,28,63581,194,81
979,Abel,Calan,16715578371,268,79,547,191,93879,139,59
980,Port,Giacobazzi,89898229903,108,378,465,41,19604,100,67
981,Northrop,Robez,88119415877,83,111,602,88,29235,67,28
982,Clemmie,Garth,26925548448,176,215,46,20,70420,292,38
983,Esmaria,Simper,96880441105,322,26,529,123,40064,4,85
984,Anastasie,Paine,60138232227,7,306,120,136,54308,73,53
985,Arlan,Symington,28642107403,190,255,458,60,53611,123,93
986,Grayce,Ostick,29808156203,184,309,10,84,27182,189,98
987,Tobye,Cusack,27423544752,392,73,368,71,85258,178,44
988,Claudius,Workes,86594629791,343,49,675,121,40675,228,75
989,Zelma,Chittey,41627320277,372,158,632,79,32385,297,56
990,Stearn,Dobrowolny,75348156127,300,244,296,49,74087,168,4
991,Flint,Labram,11834788911,18,204,145,170,60880,78,95
992,Clemente,Klammt,82451175233,364,57,26,49,50965,200,11
993,Jeffy,Tibald,20648675751,188,68,440,102,75853,94,59
994,Pace,Brahm,38501106723,201,228,188,169,63126,271,25
995,Codi,Betho,90340083077,289,303,665,121,29239,98,18
996,Gaspard,Ibbs,39433520444,9,180,513,86,96135,62,21
997,Reagan,Fleming,48535796157,358,257,671,93,44209,16,25
998,Patsy,Burdell,47802368944,24,322,512,192,19694,6,49
999,Deeanne,Sedge,94835812873,159,68,357,172,67275,120,58
1000,Vinny,Edgcumbe,65403116344,15,84,390,163,50970,67,31
